110theta,110intensity,200theta,200intensity,211theta,211intensity,220theta,220intensity,310theta,310intensity,222theta,222intensity
19,375,27.5,166.666667,34,266.666667,40,204.166667,45,100,49.5,70.833333
19.002,416.666667,27.502,195.833333,34.002,275,40.002,141.666667,45.002,104.166667,49.502,137.5
19.004,283.333333,27.504,225,34.004,250,40.004,154.166667,45.004,91.666667,49.504,91.666667
19.006,241.666667,27.506,208.333333,34.006,270.833333,40.006,150,45.006,112.5,49.506,120.833333
19.008,333.333333,27.508,183.333333,34.008,316.666667,40.008,141.666667,45.008,125,49.508,87.5
19.01,450,27.51,137.5,34.01,245.833333,40.01,175,45.01,87.5,49.51,104.166667
19.012,354.166667,27.512,220.833333,34.012,250,40.012,150,45.012,104.166667,49.512,116.666667
19.014,304.166667,27.514,204.166667,34.014,200,40.014,116.666667,45.014,62.5,49.514,112.5
19.016,300,27.516,166.666667,34.016,220.833333,40.016,145.833333,45.016,129.166667,49.516,104.166667
19.018,425,27.518,216.666667,34.018,245.833333,40.018,183.333333,45.018,62.5,49.518,104.166667
19.02,366.666667,27.52,200,34.02,283.333333,40.02,129.166667,45.02,129.166667,49.52,100
19.022,270.833333,27.522,208.333333,34.022,287.5,40.022,158.333333,45.022,87.5,49.522,141.666667
19.024,300,27.524,179.166667,34.024,262.5,40.024,133.333333,45.024,75,49.524,116.666667
19.026,450,27.526,183.333333,34.026,245.833333,40.026,145.833333,45.026,100,49.526,125
19.028,362.5,27.528,179.166667,34.028,229.166667,40.028,116.666667,45.028,83.333333,49.528,116.666667
19.03,341.666667,27.53,158.333333,34.03,287.5,40.03,158.333333,45.03,120.833333,49.53,91.666667
19.032,329.166667,27.532,158.333333,34.032,250,40.032,137.5,45.032,95.833333,49.532,104.166667
19.034,433.333333,27.534,220.833333,34.034,241.666667,40.034,179.166667,45.034,70.833333,49.534,104.166667
19.036,329.166667,27.536,216.666667,34.036,345.833333,40.036,200,45.036,79.166667,49.536,79.166667
19.038,383.333333,27.538,179.166667,34.038,304.166667,40.038,150,45.038,108.333333,49.538,66.666667
19.04,320.833333,27.54,212.5,34.04,283.333333,40.04,195.833333,45.04,116.666667,49.54,58.333333
19.042,391.666667,27.542,204.166667,34.042,275,40.042,145.833333,45.042,87.5,49.542,91.666667
19.044,412.5,27.544,166.666667,34.044,237.5,40.044,162.5,45.044,83.333333,49.544,75
19.046,370.833333,27.546,212.5,34.046,291.666667,40.046,145.833333,45.046,104.166667,49.546,87.5
19.048,358.333333,27.548,187.5,34.048,270.833333,40.048,137.5,45.048,75,49.548,100
19.05,445.833333,27.55,179.166667,34.05,216.666667,40.05,141.666667,45.05,75,49.55,120.833333
19.052,420.833333,27.552,162.5,34.052,295.833333,40.052,170.833333,45.052,95.833333,49.552,95.833333
19.054,358.333333,27.554,125,34.054,266.666667,40.054,216.666667,45.054,83.333333,49.554,83.333333
19.056,275,27.556,175,34.056,262.5,40.056,104.166667,45.056,87.5,49.556,91.666667
19.058,341.666667,27.558,216.666667,34.058,308.333333,40.058,170.833333,45.058,108.333333,49.558,58.333333
19.06,429.166667,27.56,250,34.06,233.333333,40.06,187.5,45.06,66.666667,49.56,137.5
19.062,429.166667,27.562,166.666667,34.062,245.833333,40.062,133.333333,45.062,50,49.562,91.666667
19.064,333.333333,27.564,212.5,34.064,258.333333,40.064,95.833333,45.064,54.166667,49.564,133.333333
19.066,383.333333,27.566,187.5,34.066,262.5,40.066,216.666667,45.066,79.166667,49.566,108.333333
19.068,433.333333,27.568,154.166667,34.068,320.833333,40.068,204.166667,45.068,112.5,49.568,137.5
19.07,387.5,27.57,195.833333,34.07,312.5,40.07,166.666667,45.07,62.5,49.57,87.5
19.072,370.833333,27.572,233.333333,34.072,258.333333,40.072,137.5,45.072,66.666667,49.572,108.333333
19.074,320.833333,27.574,229.166667,34.074,283.333333,40.074,162.5,45.074,62.5,49.574,141.666667
19.076,466.666667,27.576,237.5,34.076,275,40.076,158.333333,45.076,95.833333,49.576,137.5
19.078,395.833333,27.578,166.666667,34.078,295.833333,40.078,137.5,45.078,87.5,49.578,75
19.08,404.166667,27.58,237.5,34.08,254.166667,40.08,150,45.08,100,49.58,83.333333
19.082,320.833333,27.582,179.166667,34.082,254.166667,40.082,137.5,45.082,120.833333,49.582,83.333333
19.084,454.166667,27.584,200,34.084,283.333333,40.084,141.666667,45.084,62.5,49.584,75
19.086,441.666667,27.586,195.833333,34.086,233.333333,40.086,137.5,45.086,100,49.586,91.666667
19.088,358.333333,27.588,208.333333,34.088,270.833333,40.088,125,45.088,87.5,49.588,112.5
19.09,354.166667,27.59,187.5,34.09,233.333333,40.09,191.666667,45.09,66.666667,49.59,108.333333
19.092,425,27.592,158.333333,34.092,262.5,40.092,145.833333,45.092,41.666667,49.592,91.666667
19.094,404.166667,27.594,195.833333,34.094,283.333333,40.094,145.833333,45.094,100,49.594,83.333333
19.096,333.333333,27.596,158.333333,34.096,354.166667,40.096,120.833333,45.096,87.5,49.596,104.166667
19.098,295.833333,27.598,183.333333,34.098,266.666667,40.098,145.833333,45.098,79.166667,49.598,91.666667
19.1,437.5,27.6,212.5,34.1,275,40.1,141.666667,45.1,91.666667,49.6,75
19.102,450,27.602,191.666667,34.102,270.833333,40.102,170.833333,45.102,83.333333,49.602,116.666667
19.104,404.166667,27.604,145.833333,34.104,250,40.104,145.833333,45.104,100,49.604,58.333333
19.106,395.833333,27.606,179.166667,34.106,266.666667,40.106,166.666667,45.106,87.5,49.606,95.833333
19.108,425,27.608,208.333333,34.108,270.833333,40.108,170.833333,45.108,91.666667,49.608,112.5
19.11,441.666667,27.61,216.666667,34.11,258.333333,40.11,170.833333,45.11,70.833333,49.61,120.833333
19.112,379.166667,27.612,200,34.112,279.166667,40.112,116.666667,45.112,95.833333,49.612,70.833333
19.114,337.5,27.614,216.666667,34.114,250,40.114,91.666667,45.114,54.166667,49.614,108.333333
19.116,445.833333,27.616,241.666667,34.116,295.833333,40.116,158.333333,45.116,87.5,49.616,108.333333
19.118,441.666667,27.618,204.166667,34.118,270.833333,40.118,179.166667,45.118,95.833333,49.618,87.5
19.12,337.5,27.62,145.833333,34.12,258.333333,40.12,120.833333,45.12,95.833333,49.62,129.166667
19.122,316.666667,27.622,204.166667,34.122,287.5,40.122,187.5,45.122,70.833333,49.622,137.5
19.124,320.833333,27.624,187.5,34.124,245.833333,40.124,166.666667,45.124,66.666667,49.624,100
19.126,425,27.626,183.333333,34.126,275,40.126,133.333333,45.126,112.5,49.626,87.5
19.128,366.666667,27.628,150,34.128,279.166667,40.128,125,45.128,75,49.628,87.5
19.13,416.666667,27.63,200,34.13,266.666667,40.13,133.333333,45.13,79.166667,49.63,91.666667
19.132,287.5,27.632,258.333333,34.132,275,40.132,133.333333,45.132,66.666667,49.632,87.5
19.134,470.833333,27.634,212.5,34.134,333.333333,40.134,125,45.134,75,49.634,100
19.136,425,27.636,220.833333,34.136,275,40.136,175,45.136,75,49.636,79.166667
19.138,495.833333,27.638,183.333333,34.138,345.833333,40.138,145.833333,45.138,66.666667,49.638,70.833333
19.14,379.166667,27.64,187.5,34.14,312.5,40.14,150,45.14,70.833333,49.64,95.833333
19.142,450,27.642,175,34.142,266.666667,40.142,112.5,45.142,91.666667,49.642,108.333333
19.144,450,27.644,154.166667,34.144,295.833333,40.144,166.666667,45.144,141.666667,49.644,104.166667
19.146,329.166667,27.646,191.666667,34.146,250,40.146,133.333333,45.146,104.166667,49.646,58.333333
19.148,350,27.648,158.333333,34.148,254.166667,40.148,191.666667,45.148,100,49.648,108.333333
19.15,558.333333,27.65,233.333333,34.15,191.666667,40.15,200,45.15,79.166667,49.65,83.333333
19.152,475,27.652,150,34.152,270.833333,40.152,166.666667,45.152,66.666667,49.652,125
19.154,325,27.654,216.666667,34.154,254.166667,40.154,166.666667,45.154,116.666667,49.654,95.833333
19.156,391.666667,27.656,200,34.156,270.833333,40.156,179.166667,45.156,75,49.656,95.833333
19.158,387.5,27.658,204.166667,34.158,279.166667,40.158,170.833333,45.158,108.333333,49.658,95.833333
19.16,500,27.66,212.5,34.16,258.333333,40.16,150,45.16,62.5,49.66,91.666667
19.162,400,27.662,254.166667,34.162,191.666667,40.162,112.5,45.162,108.333333,49.662,108.333333
19.164,345.833333,27.664,195.833333,34.164,279.166667,40.164,158.333333,45.164,87.5,49.664,108.333333
19.166,400,27.666,237.5,34.166,287.5,40.166,187.5,45.166,116.666667,49.666,108.333333
19.168,483.333333,27.668,241.666667,34.168,295.833333,40.168,129.166667,45.168,95.833333,49.668,83.333333
19.17,358.333333,27.67,154.166667,34.17,254.166667,40.17,129.166667,45.17,79.166667,49.67,120.833333
19.172,395.833333,27.672,212.5,34.172,275,40.172,175,45.172,125,49.672,83.333333
19.174,370.833333,27.674,225,34.174,279.166667,40.174,162.5,45.174,91.666667,49.674,129.166667
19.176,495.833333,27.676,145.833333,34.176,241.666667,40.176,104.166667,45.176,83.333333,49.676,70.833333
19.178,454.166667,27.678,237.5,34.178,320.833333,40.178,187.5,45.178,116.666667,49.678,87.5
19.18,404.166667,27.68,158.333333,34.18,266.666667,40.18,141.666667,45.18,79.166667,49.68,95.833333
19.182,312.5,27.682,212.5,34.182,308.333333,40.182,175,45.182,58.333333,49.682,100
19.184,508.333333,27.684,241.666667,34.184,320.833333,40.184,150,45.184,75,49.684,70.833333
19.186,454.166667,27.686,166.666667,34.186,375,40.186,141.666667,45.186,133.333333,49.686,91.666667
19.188,441.666667,27.688,150,34.188,304.166667,40.188,112.5,45.188,112.5,49.688,62.5
19.19,362.5,27.69,204.166667,34.19,362.5,40.19,125,45.19,95.833333,49.69,104.166667
19.192,504.166667,27.692,216.666667,34.192,250,40.192,137.5,45.192,95.833333,49.692,120.833333
19.194,466.666667,27.694,212.5,34.194,287.5,40.194,158.333333,45.194,112.5,49.694,95.833333
19.196,362.5,27.696,162.5,34.196,300,40.196,125,45.196,112.5,49.696,104.166667
19.198,425,27.698,216.666667,34.198,283.333333,40.198,170.833333,45.198,79.166667,49.698,120.833333
19.2,391.666667,27.7,245.833333,34.2,208.333333,40.2,162.5,45.2,104.166667,49.7,70.833333
19.202,500,27.702,233.333333,34.202,329.166667,40.202,166.666667,45.202,112.5,49.702,108.333333
19.204,475,27.704,208.333333,34.204,225,40.204,150,45.204,95.833333,49.704,108.333333
19.206,404.166667,27.706,275,34.206,333.333333,40.206,133.333333,45.206,125,49.706,83.333333
19.208,466.666667,27.708,195.833333,34.208,295.833333,40.208,204.166667,45.208,95.833333,49.708,137.5
19.21,508.333333,27.71,208.333333,34.21,266.666667,40.21,187.5,45.21,83.333333,49.71,87.5
19.212,483.333333,27.712,212.5,34.212,258.333333,40.212,179.166667,45.212,75,49.712,116.666667
19.214,408.333333,27.714,237.5,34.214,287.5,40.214,137.5,45.214,104.166667,49.714,83.333333
19.216,420.833333,27.716,187.5,34.216,266.666667,40.216,129.166667,45.216,104.166667,49.716,116.666667
19.218,475,27.718,225,34.218,337.5,40.218,158.333333,45.218,91.666667,49.718,83.333333
19.22,537.5,27.72,216.666667,34.22,225,40.22,166.666667,45.22,62.5,49.72,120.833333
19.222,391.666667,27.722,262.5,34.222,266.666667,40.222,129.166667,45.222,108.333333,49.722,137.5
19.224,370.833333,27.724,204.166667,34.224,325,40.224,137.5,45.224,83.333333,49.724,79.166667
19.226,508.333333,27.726,254.166667,34.226,291.666667,40.226,158.333333,45.226,100,49.726,91.666667
19.228,475,27.728,162.5,34.228,212.5,40.228,145.833333,45.228,83.333333,49.728,125
19.23,375,27.73,229.166667,34.23,287.5,40.23,120.833333,45.23,58.333333,49.73,108.333333
19.232,445.833333,27.732,200,34.232,295.833333,40.232,141.666667,45.232,116.666667,49.732,79.166667
19.234,583.333333,27.734,220.833333,34.234,262.5,40.234,112.5,45.234,87.5,49.734,112.5
19.236,483.333333,27.736,170.833333,34.236,333.333333,40.236,162.5,45.236,100,49.736,83.333333
19.238,445.833333,27.738,279.166667,34.238,279.166667,40.238,145.833333,45.238,104.166667,49.738,87.5
19.24,400,27.74,258.333333,34.24,287.5,40.24,150,45.24,95.833333,49.74,95.833333
19.242,487.5,27.742,204.166667,34.242,291.666667,40.242,137.5,45.242,133.333333,49.742,87.5
19.244,491.666667,27.744,195.833333,34.244,254.166667,40.244,145.833333,45.244,91.666667,49.744,112.5
19.246,391.666667,27.746,137.5,34.246,283.333333,40.246,104.166667,45.246,104.166667,49.746,66.666667
19.248,433.333333,27.748,191.666667,34.248,275,40.248,120.833333,45.248,129.166667,49.748,91.666667
19.25,566.666667,27.75,237.5,34.25,308.333333,40.25,141.666667,45.25,112.5,49.75,95.833333
19.252,475,27.752,175,34.252,362.5,40.252,187.5,45.252,83.333333,49.752,95.833333
19.254,479.166667,27.754,141.666667,34.254,308.333333,40.254,195.833333,45.254,79.166667,49.754,100
19.256,445.833333,27.756,233.333333,34.256,312.5,40.256,191.666667,45.256,112.5,49.756,108.333333
19.258,504.166667,27.758,212.5,34.258,262.5,40.258,179.166667,45.258,112.5,49.758,125
19.26,570.833333,27.76,158.333333,34.26,300,40.26,183.333333,45.26,91.666667,49.76,104.166667
19.262,466.666667,27.762,200,34.262,295.833333,40.262,95.833333,45.262,87.5,49.762,104.166667
19.264,350,27.764,245.833333,34.264,275,40.264,120.833333,45.264,116.666667,49.764,108.333333
19.266,545.833333,27.766,175,34.266,295.833333,40.266,112.5,45.266,87.5,49.766,100
19.268,575,27.768,229.166667,34.268,333.333333,40.268,166.666667,45.268,100,49.768,83.333333
19.27,433.333333,27.77,229.166667,34.27,308.333333,40.27,133.333333,45.27,91.666667,49.77,87.5
19.272,412.5,27.772,158.333333,34.272,212.5,40.272,191.666667,45.272,112.5,49.772,83.333333
19.274,479.166667,27.774,220.833333,34.274,245.833333,40.274,166.666667,45.274,50,49.774,75
19.276,558.333333,27.776,212.5,34.276,262.5,40.276,129.166667,45.276,62.5,49.776,108.333333
19.278,412.5,27.778,200,34.278,291.666667,40.278,116.666667,45.278,91.666667,49.778,79.166667
19.28,491.666667,27.78,200,34.28,287.5,40.28,158.333333,45.28,108.333333,49.78,133.333333
19.282,479.166667,27.782,154.166667,34.282,325,40.282,150,45.282,100,49.782,125
19.284,770.833333,27.784,212.5,34.284,275,40.284,137.5,45.284,100,49.784,112.5
19.286,466.666667,27.786,179.166667,34.286,258.333333,40.286,133.333333,45.286,116.666667,49.786,79.166667
19.288,454.166667,27.788,233.333333,34.288,266.666667,40.288,137.5,45.288,95.833333,49.788,75
19.29,487.5,27.79,204.166667,34.29,225,40.29,145.833333,45.29,125,49.79,83.333333
19.292,483.333333,27.792,212.5,34.292,295.833333,40.292,175,45.292,95.833333,49.792,70.833333
19.294,491.666667,27.794,233.333333,34.294,345.833333,40.294,154.166667,45.294,54.166667,49.794,91.666667
19.296,470.833333,27.796,233.333333,34.296,304.166667,40.296,137.5,45.296,104.166667,49.796,95.833333
19.298,429.166667,27.798,229.166667,34.298,262.5,40.298,175,45.298,95.833333,49.798,116.666667
19.3,645.833333,27.8,229.166667,34.3,300,40.3,150,45.3,45.833333,49.8,120.833333
19.302,600,27.802,170.833333,34.302,291.666667,40.302,191.666667,45.302,70.833333,49.802,162.5
19.304,433.333333,27.804,162.5,34.304,320.833333,40.304,129.166667,45.304,75,49.804,91.666667
19.306,425,27.806,220.833333,34.306,320.833333,40.306,162.5,45.306,91.666667,49.806,108.333333
19.308,500,27.808,312.5,34.308,337.5,40.308,195.833333,45.308,145.833333,49.808,137.5
19.31,554.166667,27.81,262.5,34.31,262.5,40.31,141.666667,45.31,66.666667,49.81,116.666667
19.312,512.5,27.812,154.166667,34.312,312.5,40.312,195.833333,45.312,116.666667,49.812,87.5
19.314,512.5,27.814,187.5,34.314,295.833333,40.314,150,45.314,70.833333,49.814,75
19.316,545.833333,27.816,216.666667,34.316,295.833333,40.316,154.166667,45.316,116.666667,49.816,112.5
19.318,625,27.818,258.333333,34.318,254.166667,40.318,137.5,45.318,104.166667,49.818,141.666667
19.32,462.5,27.82,204.166667,34.32,237.5,40.32,104.166667,45.32,91.666667,49.82,120.833333
19.322,441.666667,27.822,300,34.322,337.5,40.322,166.666667,45.322,112.5,49.822,112.5
19.324,533.333333,27.824,212.5,34.324,283.333333,40.324,170.833333,45.324,41.666667,49.824,104.166667
19.326,583.333333,27.826,245.833333,34.326,312.5,40.326,179.166667,45.326,104.166667,49.826,95.833333
19.328,579.166667,27.828,200,34.328,312.5,40.328,208.333333,45.328,83.333333,49.828,83.333333
19.33,562.5,27.83,191.666667,34.33,287.5,40.33,100,45.33,75,49.83,125
19.332,425,27.832,237.5,34.332,325,40.332,158.333333,45.332,87.5,49.832,62.5
19.334,512.5,27.834,254.166667,34.334,316.666667,40.334,170.833333,45.334,91.666667,49.834,95.833333
19.336,587.5,27.836,270.833333,34.336,287.5,40.336,154.166667,45.336,125,49.836,91.666667
19.338,404.166667,27.838,187.5,34.338,308.333333,40.338,175,45.338,75,49.838,137.5
19.34,479.166667,27.84,262.5,34.34,266.666667,40.34,104.166667,45.34,104.166667,49.84,150
19.342,566.666667,27.842,245.833333,34.342,279.166667,40.342,120.833333,45.342,100,49.842,95.833333
19.344,654.166667,27.844,212.5,34.344,275,40.344,145.833333,45.344,87.5,49.844,108.333333
19.346,558.333333,27.846,187.5,34.346,258.333333,40.346,116.666667,45.346,87.5,49.846,125
19.348,541.666667,27.848,241.666667,34.348,237.5,40.348,133.333333,45.348,54.166667,49.848,91.666667
19.35,583.333333,27.85,241.666667,34.35,320.833333,40.35,125,45.35,50,49.85,120.833333
19.352,566.666667,27.852,225,34.352,241.666667,40.352,150,45.352,108.333333,49.852,87.5
19.354,541.666667,27.854,204.166667,34.354,333.333333,40.354,158.333333,45.354,79.166667,49.854,100
19.356,483.333333,27.856,220.833333,34.356,241.666667,40.356,141.666667,45.356,75,49.856,100
19.358,508.333333,27.858,187.5,34.358,270.833333,40.358,158.333333,45.358,91.666667,49.858,83.333333
19.36,637.5,27.86,262.5,34.36,283.333333,40.36,187.5,45.36,100,49.86,58.333333
19.362,445.833333,27.862,195.833333,34.362,258.333333,40.362,108.333333,45.362,83.333333,49.862,129.166667
19.364,545.833333,27.864,237.5,34.364,325,40.364,183.333333,45.364,54.166667,49.864,133.333333
19.366,545.833333,27.866,208.333333,34.366,291.666667,40.366,133.333333,45.366,104.166667,49.866,120.833333
19.368,641.666667,27.868,229.166667,34.368,266.666667,40.368,170.833333,45.368,95.833333,49.868,108.333333
19.37,520.833333,27.87,216.666667,34.37,241.666667,40.37,129.166667,45.37,100,49.87,104.166667
19.372,550,27.872,250,34.372,270.833333,40.372,133.333333,45.372,83.333333,49.872,116.666667
19.374,554.166667,27.874,212.5,34.374,329.166667,40.374,170.833333,45.374,75,49.874,137.5
19.376,625,27.876,241.666667,34.376,283.333333,40.376,145.833333,45.376,62.5,49.876,108.333333
19.378,633.333333,27.878,216.666667,34.378,370.833333,40.378,145.833333,45.378,58.333333,49.878,83.333333
19.38,537.5,27.88,287.5,34.38,329.166667,40.38,141.666667,45.38,70.833333,49.88,133.333333
19.382,575,27.882,250,34.382,308.333333,40.382,112.5,45.382,108.333333,49.882,79.166667
19.384,616.666667,27.884,175,34.384,375,40.384,125,45.384,133.333333,49.884,100
19.386,554.166667,27.886,229.166667,34.386,333.333333,40.386,170.833333,45.386,75,49.886,145.833333
19.388,520.833333,27.888,175,34.388,279.166667,40.388,162.5,45.388,87.5,49.888,70.833333
19.39,429.166667,27.89,204.166667,34.39,333.333333,40.39,120.833333,45.39,95.833333,49.89,87.5
19.392,604.166667,27.892,254.166667,34.392,245.833333,40.392,116.666667,45.392,112.5,49.892,100
19.394,516.666667,27.894,220.833333,34.394,283.333333,40.394,129.166667,45.394,91.666667,49.894,133.333333
19.396,570.833333,27.896,233.333333,34.396,362.5,40.396,112.5,45.396,54.166667,49.896,100
19.398,550,27.898,229.166667,34.398,329.166667,40.398,150,45.398,66.666667,49.898,95.833333
19.4,612.5,27.9,216.666667,34.4,400,40.4,162.5,45.4,75,49.9,104.166667
19.402,654.166667,27.902,270.833333,34.402,325,40.402,116.666667,45.402,112.5,49.902,87.5
19.404,554.166667,27.904,208.333333,34.404,212.5,40.404,141.666667,45.404,75,49.904,108.333333
19.406,550,27.906,175,34.406,312.5,40.406,145.833333,45.406,79.166667,49.906,112.5
19.408,666.666667,27.908,254.166667,34.408,308.333333,40.408,145.833333,45.408,100,49.908,95.833333
19.41,608.333333,27.91,200,34.41,345.833333,40.41,108.333333,45.41,95.833333,49.91,112.5
19.412,479.166667,27.912,237.5,34.412,283.333333,40.412,162.5,45.412,87.5,49.912,120.833333
19.414,545.833333,27.914,254.166667,34.414,333.333333,40.414,120.833333,45.414,75,49.914,145.833333
19.416,604.166667,27.916,266.666667,34.416,304.166667,40.416,137.5,45.416,83.333333,49.916,116.666667
19.418,733.333333,27.918,279.166667,34.418,304.166667,40.418,129.166667,45.418,83.333333,49.918,79.166667
19.42,525,27.92,212.5,34.42,308.333333,40.42,125,45.42,70.833333,49.92,104.166667
19.422,562.5,27.922,304.166667,34.422,275,40.422,129.166667,45.422,54.166667,49.922,137.5
19.424,450,27.924,208.333333,34.424,254.166667,40.424,154.166667,45.424,104.166667,49.924,91.666667
19.426,729.166667,27.926,237.5,34.426,325,40.426,170.833333,45.426,70.833333,49.926,120.833333
19.428,612.5,27.928,179.166667,34.428,287.5,40.428,137.5,45.428,79.166667,49.928,112.5
19.43,545.833333,27.93,233.333333,34.43,304.166667,40.43,170.833333,45.43,100,49.93,104.166667
19.432,512.5,27.932,237.5,34.432,241.666667,40.432,154.166667,45.432,79.166667,49.932,104.166667
19.434,745.833333,27.934,312.5,34.434,316.666667,40.434,141.666667,45.434,133.333333,49.934,79.166667
19.436,616.666667,27.936,283.333333,34.436,304.166667,40.436,195.833333,45.436,87.5,49.936,116.666667
19.438,612.5,27.938,266.666667,34.438,262.5,40.438,187.5,45.438,87.5,49.938,137.5
19.44,500,27.94,275,34.44,308.333333,40.44,150,45.44,150,49.94,116.666667
19.442,658.333333,27.942,245.833333,34.442,316.666667,40.442,166.666667,45.442,91.666667,49.942,100
19.444,612.5,27.944,208.333333,34.444,304.166667,40.444,108.333333,45.444,104.166667,49.944,87.5
19.446,633.333333,27.946,200,34.446,345.833333,40.446,133.333333,45.446,91.666667,49.946,100
19.448,587.5,27.948,254.166667,34.448,337.5,40.448,158.333333,45.448,87.5,49.948,137.5
19.45,695.833333,27.95,250,34.45,287.5,40.45,154.166667,45.45,112.5,49.95,91.666667
19.452,625,27.952,237.5,34.452,337.5,40.452,191.666667,45.452,87.5,49.952,95.833333
19.454,700,27.954,208.333333,34.454,354.166667,40.454,162.5,45.454,75,49.954,100
19.456,641.666667,27.956,208.333333,34.456,329.166667,40.456,170.833333,45.456,79.166667,49.956,179.166667
19.458,579.166667,27.958,250,34.458,337.5,40.458,204.166667,45.458,87.5,49.958,125
19.46,683.333333,27.96,300,34.46,241.666667,40.46,120.833333,45.46,66.666667,49.96,58.333333
19.462,533.333333,27.962,220.833333,34.462,329.166667,40.462,137.5,45.462,79.166667,49.962,108.333333
19.464,554.166667,27.964,225,34.464,283.333333,40.464,87.5,45.464,112.5,49.964,91.666667
19.466,604.166667,27.966,187.5,34.466,308.333333,40.466,187.5,45.466,66.666667,49.966,87.5
19.468,770.833333,27.968,275,34.468,304.166667,40.468,150,45.468,62.5,49.968,70.833333
19.47,550,27.97,258.333333,34.47,345.833333,40.47,187.5,45.47,83.333333,49.97,137.5
19.472,562.5,27.972,275,34.472,325,40.472,175,45.472,133.333333,49.972,137.5
19.474,512.5,27.974,212.5,34.474,312.5,40.474,141.666667,45.474,66.666667,49.974,116.666667
19.476,920.833333,27.976,245.833333,34.476,295.833333,40.476,212.5,45.476,108.333333,49.976,104.166667
19.478,554.166667,27.978,233.333333,34.478,291.666667,40.478,158.333333,45.478,58.333333,49.978,120.833333
19.48,608.333333,27.98,258.333333,34.48,262.5,40.48,183.333333,45.48,112.5,49.98,79.166667
19.482,545.833333,27.982,225,34.482,404.166667,40.482,191.666667,45.482,125,49.982,150
19.484,775,27.984,204.166667,34.484,287.5,40.484,183.333333,45.484,79.166667,49.984,129.166667
19.486,645.833333,27.986,229.166667,34.486,320.833333,40.486,170.833333,45.486,79.166667,49.986,95.833333
19.488,587.5,27.988,250,34.488,300,40.488,141.666667,45.488,87.5,49.988,100
19.49,558.333333,27.99,262.5,34.49,220.833333,40.49,141.666667,45.49,100,49.99,108.333333
19.492,687.5,27.992,279.166667,34.492,320.833333,40.492,154.166667,45.492,100,49.992,104.166667
19.494,670.833333,27.994,233.333333,34.494,300,40.494,204.166667,45.494,95.833333,49.994,120.833333
19.496,683.333333,27.996,200,34.496,270.833333,40.496,108.333333,45.496,112.5,49.996,133.333333
19.498,583.333333,27.998,233.333333,34.498,345.833333,40.498,116.666667,45.498,87.5,49.998,120.833333
19.5,637.5,28,237.5,34.5,337.5,40.5,191.666667,45.5,66.666667,50,79.166667
19.502,662.5,28.002,258.333333,34.502,312.5,40.502,175,45.502,100,50.002,162.5
19.504,666.666667,28.004,225,34.504,291.666667,40.504,154.166667,45.504,120.833333,50.004,95.833333
19.506,554.166667,28.006,208.333333,34.506,266.666667,40.506,129.166667,45.506,70.833333,50.006,116.666667
19.508,654.166667,28.008,245.833333,34.508,220.833333,40.508,125,45.508,66.666667,50.008,133.333333
19.51,683.333333,28.01,237.5,34.51,370.833333,40.51,137.5,45.51,95.833333,50.01,91.666667
19.512,695.833333,28.012,250,34.512,395.833333,40.512,133.333333,45.512,95.833333,50.012,70.833333
19.514,629.166667,28.014,354.166667,34.514,312.5,40.514,183.333333,45.514,100,50.014,112.5
19.516,650,28.016,225,34.516,287.5,40.516,204.166667,45.516,79.166667,50.016,100
19.518,741.666667,28.018,337.5,34.518,250,40.518,195.833333,45.518,79.166667,50.018,116.666667
19.52,691.666667,28.02,208.333333,34.52,308.333333,40.52,141.666667,45.52,79.166667,50.02,66.666667
19.522,675,28.022,270.833333,34.522,350,40.522,154.166667,45.522,87.5,50.022,108.333333
19.524,595.833333,28.024,266.666667,34.524,308.333333,40.524,112.5,45.524,104.166667,50.024,145.833333
19.526,879.166667,28.026,295.833333,34.526,354.166667,40.526,195.833333,45.526,112.5,50.026,133.333333
19.528,679.166667,28.028,191.666667,34.528,316.666667,40.528,154.166667,45.528,83.333333,50.028,137.5
19.53,575,28.03,308.333333,34.53,270.833333,40.53,158.333333,45.53,116.666667,50.03,58.333333
19.532,616.666667,28.032,216.666667,34.532,316.666667,40.532,133.333333,45.532,104.166667,50.032,112.5
19.534,725,28.034,254.166667,34.534,316.666667,40.534,145.833333,45.534,125,50.034,83.333333
19.536,675,28.036,208.333333,34.536,325,40.536,175,45.536,91.666667,50.036,137.5
19.538,570.833333,28.038,262.5,34.538,375,40.538,162.5,45.538,75,50.038,100
19.54,616.666667,28.04,329.166667,34.54,337.5,40.54,120.833333,45.54,62.5,50.04,141.666667
19.542,779.166667,28.042,237.5,34.542,333.333333,40.542,200,45.542,91.666667,50.042,125
19.544,741.666667,28.044,200,34.544,391.666667,40.544,162.5,45.544,75,50.044,116.666667
19.546,675,28.046,204.166667,34.546,283.333333,40.546,129.166667,45.546,91.666667,50.046,87.5
19.548,675,28.048,308.333333,34.548,345.833333,40.548,166.666667,45.548,50,50.048,87.5
19.55,762.5,28.05,279.166667,34.55,308.333333,40.55,187.5,45.55,95.833333,50.05,91.666667
19.552,850,28.052,266.666667,34.552,320.833333,40.552,200,45.552,95.833333,50.052,112.5
19.554,704.166667,28.054,237.5,34.554,241.666667,40.554,162.5,45.554,66.666667,50.054,87.5
19.556,608.333333,28.056,262.5,34.556,275,40.556,170.833333,45.556,87.5,50.056,125
19.558,741.666667,28.058,262.5,34.558,345.833333,40.558,158.333333,45.558,54.166667,50.058,120.833333
19.56,833.333333,28.06,287.5,34.56,279.166667,40.56,166.666667,45.56,95.833333,50.06,100
19.562,637.5,28.062,237.5,34.562,345.833333,40.562,179.166667,45.562,95.833333,50.062,129.166667
19.564,712.5,28.064,254.166667,34.564,345.833333,40.564,216.666667,45.564,54.166667,50.064,120.833333
19.566,675,28.066,191.666667,34.566,379.166667,40.566,158.333333,45.566,91.666667,50.066,87.5
19.568,787.5,28.068,270.833333,34.568,295.833333,40.568,150,45.568,104.166667,50.068,75
19.57,654.166667,28.07,233.333333,34.57,325,40.57,208.333333,45.57,100,50.07,87.5
19.572,570.833333,28.072,216.666667,34.572,270.833333,40.572,100,45.572,70.833333,50.072,125
19.574,691.666667,28.074,175,34.574,366.666667,40.574,154.166667,45.574,83.333333,50.074,129.166667
19.576,891.666667,28.076,237.5,34.576,345.833333,40.576,145.833333,45.576,125,50.076,95.833333
19.578,691.666667,28.078,275,34.578,300,40.578,137.5,45.578,104.166667,50.078,129.166667
19.58,625,28.08,254.166667,34.58,333.333333,40.58,158.333333,45.58,112.5,50.08,120.833333
19.582,708.333333,28.082,283.333333,34.582,287.5,40.582,133.333333,45.582,91.666667,50.082,91.666667
19.584,754.166667,28.084,237.5,34.584,341.666667,40.584,141.666667,45.584,112.5,50.084,104.166667
19.586,683.333333,28.086,220.833333,34.586,337.5,40.586,141.666667,45.586,116.666667,50.086,125
19.588,725,28.088,250,34.588,325,40.588,141.666667,45.588,75,50.088,108.333333
19.59,616.666667,28.09,312.5,34.59,391.666667,40.59,91.666667,45.59,100,50.09,129.166667
19.592,750,28.092,270.833333,34.592,308.333333,40.592,137.5,45.592,125,50.092,129.166667
19.594,775,28.094,304.166667,34.594,316.666667,40.594,175,45.594,108.333333,50.094,129.166667
19.596,687.5,28.096,233.333333,34.596,350,40.596,183.333333,45.596,100,50.096,91.666667
19.598,608.333333,28.098,304.166667,34.598,379.166667,40.598,162.5,45.598,91.666667,50.098,125
19.6,779.166667,28.1,295.833333,34.6,283.333333,40.6,137.5,45.6,66.666667,50.1,116.666667
19.602,762.5,28.102,275,34.602,345.833333,40.602,141.666667,45.602,104.166667,50.102,83.333333
19.604,683.333333,28.104,270.833333,34.604,325,40.604,204.166667,45.604,133.333333,50.104,95.833333
19.606,633.333333,28.106,275,34.606,358.333333,40.606,116.666667,45.606,91.666667,50.106,91.666667
19.608,804.166667,28.108,275,34.608,341.666667,40.608,154.166667,45.608,91.666667,50.108,108.333333
19.61,770.833333,28.11,287.5,34.61,283.333333,40.61,154.166667,45.61,58.333333,50.11,137.5
19.612,670.833333,28.112,233.333333,34.612,350,40.612,129.166667,45.612,79.166667,50.112,125
19.614,641.666667,28.114,216.666667,34.614,312.5,40.614,204.166667,45.614,104.166667,50.114,112.5
19.616,716.666667,28.116,200,34.616,337.5,40.616,204.166667,45.616,91.666667,50.116,100
19.618,850,28.118,287.5,34.618,304.166667,40.618,170.833333,45.618,104.166667,50.118,137.5
19.62,775,28.12,250,34.62,433.333333,40.62,175,45.62,83.333333,50.12,79.166667
19.622,779.166667,28.122,275,34.622,416.666667,40.622,200,45.622,112.5,50.122,91.666667
19.624,716.666667,28.124,241.666667,34.624,354.166667,40.624,225,45.624,87.5,50.124,87.5
19.626,866.666667,28.126,300,34.626,350,40.626,137.5,45.626,79.166667,50.126,137.5
19.628,745.833333,28.128,250,34.628,358.333333,40.628,133.333333,45.628,75,50.128,129.166667
19.63,758.333333,28.13,312.5,34.63,350,40.63,112.5,45.63,108.333333,50.13,79.166667
19.632,687.5,28.132,254.166667,34.632,300,40.632,158.333333,45.632,87.5,50.132,116.666667
19.634,1045.833333,28.134,262.5,34.634,291.666667,40.634,191.666667,45.634,108.333333,50.134,100
19.636,650,28.136,270.833333,34.636,358.333333,40.636,166.666667,45.636,100,50.136,95.833333
19.638,700,28.138,300,34.638,320.833333,40.638,175,45.638,104.166667,50.138,154.166667
19.64,741.666667,28.14,308.333333,34.64,312.5,40.64,141.666667,45.64,87.5,50.14,108.333333
19.642,737.5,28.142,258.333333,34.642,358.333333,40.642,195.833333,45.642,79.166667,50.142,125
19.644,866.666667,28.144,254.166667,34.644,354.166667,40.644,116.666667,45.644,154.166667,50.144,108.333333
19.646,766.666667,28.146,270.833333,34.646,379.166667,40.646,158.333333,45.646,100,50.146,95.833333
19.648,779.166667,28.148,308.333333,34.648,412.5,40.648,179.166667,45.648,133.333333,50.148,108.333333
19.65,791.666667,28.15,345.833333,34.65,279.166667,40.65,158.333333,45.65,87.5,50.15,145.833333
19.652,925,28.152,325,34.652,345.833333,40.652,229.166667,45.652,87.5,50.152,116.666667
19.654,708.333333,28.154,291.666667,34.654,333.333333,40.654,183.333333,45.654,95.833333,50.154,166.666667
19.656,733.333333,28.156,358.333333,34.656,320.833333,40.656,175,45.656,100,50.156,116.666667
19.658,850,28.158,341.666667,34.658,320.833333,40.658,183.333333,45.658,95.833333,50.158,133.333333
19.66,870.833333,28.16,304.166667,34.66,320.833333,40.66,145.833333,45.66,137.5,50.16,91.666667
19.662,754.166667,28.162,258.333333,34.662,316.666667,40.662,162.5,45.662,100,50.162,95.833333
19.664,754.166667,28.164,287.5,34.664,387.5,40.664,191.666667,45.664,108.333333,50.164,108.333333
19.666,845.833333,28.166,275,34.666,320.833333,40.666,145.833333,45.666,104.166667,50.166,100
19.668,925,28.168,266.666667,34.668,358.333333,40.668,200,45.668,141.666667,50.168,87.5
19.67,808.333333,28.17,279.166667,34.67,308.333333,40.67,145.833333,45.67,133.333333,50.17,91.666667
19.672,862.5,28.172,283.333333,34.672,358.333333,40.672,183.333333,45.672,87.5,50.172,116.666667
19.674,729.166667,28.174,229.166667,34.674,375,40.674,208.333333,45.674,158.333333,50.174,100
19.676,979.166667,28.176,283.333333,34.676,287.5,40.676,162.5,45.676,95.833333,50.176,104.166667
19.678,812.5,28.178,229.166667,34.678,333.333333,40.678,170.833333,45.678,120.833333,50.178,133.333333
19.68,887.5,28.18,341.666667,34.68,383.333333,40.68,191.666667,45.68,91.666667,50.18,87.5
19.682,737.5,28.182,308.333333,34.682,350,40.682,129.166667,45.682,95.833333,50.182,75
19.684,1041.666667,28.184,220.833333,34.684,345.833333,40.684,241.666667,45.684,125,50.184,95.833333
19.686,837.5,28.186,241.666667,34.686,379.166667,40.686,183.333333,45.686,108.333333,50.186,129.166667
19.688,887.5,28.188,258.333333,34.688,400,40.688,175,45.688,120.833333,50.188,100
19.69,708.333333,28.19,345.833333,34.69,337.5,40.69,179.166667,45.69,116.666667,50.19,125
19.692,991.666667,28.192,245.833333,34.692,287.5,40.692,187.5,45.692,116.666667,50.192,120.833333
19.694,745.833333,28.194,287.5,34.694,370.833333,40.694,145.833333,45.694,133.333333,50.194,112.5
19.696,825,28.196,316.666667,34.696,333.333333,40.696,229.166667,45.696,108.333333,50.196,133.333333
19.698,679.166667,28.198,287.5,34.698,308.333333,40.698,170.833333,45.698,108.333333,50.198,133.333333
19.7,883.333333,28.2,300,34.7,300,40.7,220.833333,45.7,129.166667,50.2,104.166667
19.702,883.333333,28.202,300,34.702,304.166667,40.702,170.833333,45.702,129.166667,50.202,112.5
19.704,783.333333,28.204,229.166667,34.704,375,40.704,195.833333,45.704,104.166667,50.204,129.166667
19.706,845.833333,28.206,300,34.706,370.833333,40.706,200,45.706,120.833333,50.206,100
19.708,987.5,28.208,308.333333,34.708,341.666667,40.708,154.166667,45.708,112.5,50.208,87.5
19.71,1037.5,28.21,329.166667,34.71,383.333333,40.71,179.166667,45.71,75,50.21,108.333333
19.712,875,28.212,291.666667,34.712,400,40.712,145.833333,45.712,125,50.212,150
19.714,937.5,28.214,312.5,34.714,358.333333,40.714,175,45.714,104.166667,50.214,120.833333
19.716,854.166667,28.216,291.666667,34.716,375,40.716,145.833333,45.716,112.5,50.216,158.333333
19.718,1004.166667,28.218,341.666667,34.718,333.333333,40.718,195.833333,45.718,150,50.218,104.166667
19.72,845.833333,28.22,275,34.72,437.5,40.72,233.333333,45.72,91.666667,50.22,129.166667
19.722,812.5,28.222,312.5,34.722,295.833333,40.722,195.833333,45.722,104.166667,50.222,112.5
19.724,925,28.224,291.666667,34.724,295.833333,40.724,208.333333,45.724,104.166667,50.224,129.166667
19.726,1020.833333,28.226,295.833333,34.726,366.666667,40.726,212.5,45.726,104.166667,50.226,137.5
19.728,887.5,28.228,275,34.728,329.166667,40.728,170.833333,45.728,112.5,50.228,104.166667
19.73,887.5,28.23,312.5,34.73,387.5,40.73,170.833333,45.73,79.166667,50.23,112.5
19.732,829.166667,28.232,370.833333,34.732,391.666667,40.732,175,45.732,79.166667,50.232,145.833333
19.734,1029.166667,28.234,333.333333,34.734,362.5,40.734,241.666667,45.734,108.333333,50.234,150
19.736,1008.333333,28.236,262.5,34.736,441.666667,40.736,179.166667,45.736,112.5,50.236,120.833333
19.738,891.666667,28.238,308.333333,34.738,408.333333,40.738,212.5,45.738,100,50.238,133.333333
19.74,862.5,28.24,245.833333,34.74,370.833333,40.74,200,45.74,166.666667,50.24,108.333333
19.742,1087.5,28.242,291.666667,34.742,416.666667,40.742,204.166667,45.742,116.666667,50.242,112.5
19.744,770.833333,28.244,308.333333,34.744,329.166667,40.744,216.666667,45.744,112.5,50.244,104.166667
19.746,1016.666667,28.246,275,34.746,316.666667,40.746,204.166667,45.746,154.166667,50.246,108.333333
19.748,925,28.248,270.833333,34.748,379.166667,40.748,225,45.748,129.166667,50.248,125
19.75,1062.5,28.25,333.333333,34.75,358.333333,40.75,216.666667,45.75,120.833333,50.25,125
19.752,912.5,28.252,329.166667,34.752,345.833333,40.752,229.166667,45.752,129.166667,50.252,133.333333
19.754,1025,28.254,258.333333,34.754,387.5,40.754,187.5,45.754,112.5,50.254,162.5
19.756,929.166667,28.256,370.833333,34.756,329.166667,40.756,245.833333,45.756,158.333333,50.256,104.166667
19.758,950,28.258,354.166667,34.758,420.833333,40.758,187.5,45.758,116.666667,50.258,120.833333
19.76,1137.5,28.26,362.5,34.76,387.5,40.76,287.5,45.76,125,50.26,125
19.762,1141.666667,28.262,316.666667,34.762,420.833333,40.762,295.833333,45.762,104.166667,50.262,141.666667
19.764,1050,28.264,308.333333,34.764,387.5,40.764,191.666667,45.764,104.166667,50.264,95.833333
19.766,1054.166667,28.266,354.166667,34.766,358.333333,40.766,250,45.766,133.333333,50.266,125
19.768,1166.666667,28.268,266.666667,34.768,425,40.768,270.833333,45.768,100,50.268,137.5
19.77,979.166667,28.27,358.333333,34.77,379.166667,40.77,295.833333,45.77,116.666667,50.27,145.833333
19.772,1166.666667,28.272,304.166667,34.772,354.166667,40.772,237.5,45.772,133.333333,50.272,91.666667
19.774,1025,28.274,320.833333,34.774,462.5,40.774,258.333333,45.774,87.5,50.274,179.166667
19.776,1316.666667,28.276,370.833333,34.776,308.333333,40.776,283.333333,45.776,79.166667,50.276,120.833333
19.778,829.166667,28.278,316.666667,34.778,425,40.778,183.333333,45.778,116.666667,50.278,112.5
19.78,1158.333333,28.28,366.666667,34.78,320.833333,40.78,266.666667,45.78,116.666667,50.28,125
19.782,1045.833333,28.282,345.833333,34.782,454.166667,40.782,295.833333,45.782,150,50.282,133.333333
19.784,1216.666667,28.284,341.666667,34.784,362.5,40.784,287.5,45.784,154.166667,50.284,133.333333
19.786,962.5,28.286,295.833333,34.786,383.333333,40.786,308.333333,45.786,116.666667,50.286,141.666667
19.788,1145.833333,28.288,375,34.788,408.333333,40.788,233.333333,45.788,141.666667,50.288,100
19.79,879.166667,28.29,341.666667,34.79,466.666667,40.79,291.666667,45.79,120.833333,50.29,91.666667
19.792,1229.166667,28.292,379.166667,34.792,429.166667,40.792,333.333333,45.792,120.833333,50.292,141.666667
19.794,1150,28.294,333.333333,34.794,441.666667,40.794,345.833333,45.794,141.666667,50.294,150
19.796,1337.5,28.296,320.833333,34.796,341.666667,40.796,320.833333,45.796,116.666667,50.296,104.166667
19.798,1050,28.298,325,34.798,416.666667,40.798,350,45.798,79.166667,50.298,108.333333
19.8,1237.5,28.3,366.666667,34.8,362.5,40.8,341.666667,45.8,100,50.3,125
19.802,1283.333333,28.302,425,34.802,387.5,40.802,354.166667,45.802,158.333333,50.302,125
19.804,1200,28.304,395.833333,34.804,329.166667,40.804,312.5,45.804,141.666667,50.304,145.833333
19.806,1216.666667,28.306,358.333333,34.806,379.166667,40.806,383.333333,45.806,100,50.306,108.333333
19.808,1341.666667,28.308,337.5,34.808,425,40.808,358.333333,45.808,179.166667,50.308,125
19.81,1325,28.31,400,34.81,383.333333,40.81,375,45.81,129.166667,50.31,125
19.812,1162.5,28.312,366.666667,34.812,391.666667,40.812,329.166667,45.812,170.833333,50.312,104.166667
19.814,1429.166667,28.314,437.5,34.814,358.333333,40.814,362.5,45.814,133.333333,50.314,141.666667
19.816,1270.833333,28.316,345.833333,34.816,391.666667,40.816,370.833333,45.816,170.833333,50.316,120.833333
19.818,1362.5,28.318,416.666667,34.818,370.833333,40.818,383.333333,45.818,141.666667,50.318,158.333333
19.82,1229.166667,28.32,375,34.82,358.333333,40.82,345.833333,45.82,120.833333,50.32,133.333333
19.822,1425,28.322,433.333333,34.822,333.333333,40.822,487.5,45.822,133.333333,50.322,100
19.824,1308.333333,28.324,333.333333,34.824,400,40.824,395.833333,45.824,150,50.324,133.333333
19.826,1445.833333,28.326,470.833333,34.826,416.666667,40.826,416.666667,45.826,129.166667,50.326,120.833333
19.828,1229.166667,28.328,345.833333,34.828,404.166667,40.828,379.166667,45.828,187.5,50.328,141.666667
19.83,1741.666667,28.33,495.833333,34.83,420.833333,40.83,387.5,45.83,170.833333,50.33,133.333333
19.832,1233.333333,28.332,408.333333,34.832,395.833333,40.832,437.5,45.832,158.333333,50.332,100
19.834,1641.666667,28.334,462.5,34.834,375,40.834,533.333333,45.834,133.333333,50.334,133.333333
19.836,1166.666667,28.336,345.833333,34.836,483.333333,40.836,433.333333,45.836,162.5,50.336,104.166667
19.838,1483.333333,28.338,412.5,34.838,429.166667,40.838,466.666667,45.838,120.833333,50.338,100
19.84,1412.5,28.34,387.5,34.84,462.5,40.84,437.5,45.84,179.166667,50.34,91.666667
19.842,1679.166667,28.342,525,34.842,425,40.842,591.666667,45.842,200,50.342,95.833333
19.844,1437.5,28.344,462.5,34.844,454.166667,40.844,512.5,45.844,150,50.344,125
19.846,1783.333333,28.346,425,34.846,375,40.846,491.666667,45.846,191.666667,50.346,145.833333
19.848,1425,28.348,383.333333,34.848,416.666667,40.848,633.333333,45.848,204.166667,50.348,133.333333
19.85,1850,28.35,429.166667,34.85,525,40.85,654.166667,45.85,120.833333,50.35,162.5
19.852,1583.333333,28.352,366.666667,34.852,420.833333,40.852,554.166667,45.852,183.333333,50.352,125
19.854,1687.5,28.354,458.333333,34.854,354.166667,40.854,554.166667,45.854,166.666667,50.354,141.666667
19.856,1662.5,28.356,425,34.856,441.666667,40.856,720.833333,45.856,170.833333,50.356,150
19.858,1733.333333,28.358,466.666667,34.858,400,40.858,595.833333,45.858,191.666667,50.358,116.666667
19.86,1679.166667,28.36,441.666667,34.86,437.5,40.86,808.333333,45.86,254.166667,50.36,112.5
19.862,1662.5,28.362,433.333333,34.862,395.833333,40.862,650,45.862,204.166667,50.362,183.333333
19.864,1870.833333,28.364,470.833333,34.864,466.666667,40.864,729.166667,45.864,233.333333,50.364,129.166667
19.866,1858.333333,28.366,441.666667,34.866,437.5,40.866,662.5,45.866,179.166667,50.366,108.333333
19.868,1879.166667,28.368,487.5,34.868,433.333333,40.868,887.5,45.868,162.5,50.368,145.833333
19.87,1695.833333,28.37,416.666667,34.87,458.333333,40.87,670.833333,45.87,187.5,50.37,87.5
19.872,2133.333333,28.372,504.166667,34.872,391.666667,40.872,712.5,45.872,216.666667,50.372,95.833333
19.874,1645.833333,28.374,433.333333,34.874,412.5,40.874,883.333333,45.874,208.333333,50.374,183.333333
19.876,2125,28.376,558.333333,34.876,466.666667,40.876,908.333333,45.876,220.833333,50.376,154.166667
19.878,1650,28.378,458.333333,34.878,470.833333,40.878,862.5,45.878,183.333333,50.378,137.5
19.88,2150,28.38,512.5,34.88,466.666667,40.88,779.166667,45.88,254.166667,50.38,170.833333
19.882,1783.333333,28.382,487.5,34.882,425,40.882,829.166667,45.882,233.333333,50.382,141.666667
19.884,2295.833333,28.384,512.5,34.884,525,40.884,958.333333,45.884,241.666667,50.384,120.833333
19.886,1841.666667,28.386,500,34.886,454.166667,40.886,1016.666667,45.886,158.333333,50.386,154.166667
19.888,2254.166667,28.388,620.833333,34.888,462.5,40.888,925,45.888,241.666667,50.388,195.833333
19.89,1966.666667,28.39,575,34.89,437.5,40.89,1216.666667,45.89,258.333333,50.39,179.166667
19.892,2287.5,28.392,566.666667,34.892,466.666667,40.892,1137.5,45.892,233.333333,50.392,145.833333
19.894,1983.333333,28.394,525,34.894,387.5,40.894,1358.333333,45.894,225,50.394,137.5
19.896,2545.833333,28.396,600,34.896,383.333333,40.896,1183.333333,45.896,287.5,50.396,204.166667
19.898,2045.833333,28.398,750,34.898,429.166667,40.898,1166.666667,45.898,275,50.398,120.833333
19.9,2429.166667,28.4,541.666667,34.9,479.166667,40.9,1233.333333,45.9,270.833333,50.4,154.166667
19.902,2070.833333,28.402,566.666667,34.902,504.166667,40.902,1604.166667,45.902,295.833333,50.402,129.166667
19.904,2462.5,28.404,637.5,34.904,416.666667,40.904,1337.5,45.904,220.833333,50.404,170.833333
19.906,2520.833333,28.406,741.666667,34.906,408.333333,40.906,1395.833333,45.906,304.166667,50.406,116.666667
19.908,2450,28.408,483.333333,34.908,487.5,40.908,1312.5,45.908,279.166667,50.408,183.333333
19.91,2358.333333,28.41,775,34.91,462.5,40.91,1695.833333,45.91,308.333333,50.41,141.666667
19.912,2204.166667,28.412,641.666667,34.912,537.5,40.912,1608.333333,45.912,266.666667,50.412,179.166667
19.914,2816.666667,28.414,691.666667,34.914,345.833333,40.914,1654.166667,45.914,304.166667,50.414,145.833333
19.916,2429.166667,28.416,662.5,34.916,445.833333,40.916,1670.833333,45.916,312.5,50.416,129.166667
19.918,2925,28.418,775,34.918,483.333333,40.918,1912.5,45.918,362.5,50.418,154.166667
19.92,2341.666667,28.42,754.166667,34.92,475,40.92,1858.333333,45.92,308.333333,50.42,195.833333
19.922,3145.833333,28.422,883.333333,34.922,470.833333,40.922,1712.5,45.922,312.5,50.422,91.666667
19.924,2445.833333,28.424,658.333333,34.924,420.833333,40.924,1758.333333,45.924,329.166667,50.424,208.333333
19.926,3058.333333,28.426,754.166667,34.926,458.333333,40.926,2004.166667,45.926,391.666667,50.426,166.666667
19.928,2362.5,28.428,712.5,34.928,508.333333,40.928,2066.666667,45.928,395.833333,50.428,175
19.93,3583.333333,28.43,891.666667,34.93,454.166667,40.93,2041.666667,45.93,312.5,50.43,158.333333
19.932,2545.833333,28.432,816.666667,34.932,495.833333,40.932,2004.166667,45.932,395.833333,50.432,158.333333
19.934,3725,28.434,887.5,34.934,437.5,40.934,2466.666667,45.934,412.5,50.434,170.833333
19.936,2337.5,28.436,737.5,34.936,570.833333,40.936,2362.5,45.936,366.666667,50.436,112.5
19.938,3720.833333,28.438,991.666667,34.938,508.333333,40.938,2137.5,45.938,445.833333,50.438,183.333333
19.94,2925,28.44,804.166667,34.94,537.5,40.94,2266.666667,45.94,458.333333,50.44,112.5
19.942,3495.833333,28.442,941.666667,34.942,583.333333,40.942,2691.666667,45.942,412.5,50.442,183.333333
19.944,2829.166667,28.444,929.166667,34.944,508.333333,40.944,2762.5,45.944,425,50.444,166.666667
19.946,4045.833333,28.446,1045.833333,34.946,450,40.946,2375,45.946,441.666667,50.446,125
19.948,3387.5,28.448,950,34.948,425,40.948,2408.333333,45.948,508.333333,50.448,212.5
19.95,3975,28.45,933.333333,34.95,504.166667,40.95,2750,45.95,454.166667,50.45,116.666667
19.952,3062.5,28.452,1208.333333,34.952,520.833333,40.952,3241.666667,45.952,508.333333,50.452,200
19.954,3716.666667,28.454,987.5,34.954,541.666667,40.954,2800,45.954,433.333333,50.454,150
19.956,3608.333333,28.456,1079.166667,34.956,462.5,40.956,2750,45.956,558.333333,50.456,166.666667
19.958,3825,28.458,1041.666667,34.958,570.833333,40.958,2891.666667,45.958,495.833333,50.458,137.5
19.96,3695.833333,28.46,1270.833333,34.96,487.5,40.96,3191.666667,45.96,554.166667,50.46,137.5
19.962,3616.666667,28.462,1125,34.962,562.5,40.962,2883.333333,45.962,537.5,50.462,183.333333
19.964,4516.666667,28.464,1333.333333,34.964,541.666667,40.964,2787.5,45.964,679.166667,50.464,175
19.966,3625,28.466,1075,34.966,504.166667,40.966,2825,45.966,516.666667,50.466,133.333333
19.968,4175,28.468,1350,34.968,566.666667,40.968,3333.333333,45.968,633.333333,50.468,166.666667
19.97,3716.666667,28.47,1179.166667,34.97,500,40.97,3070.833333,45.97,616.666667,50.47,204.166667
19.972,4987.5,28.472,1441.666667,34.972,545.833333,40.972,2758.333333,45.972,662.5,50.472,116.666667
19.974,3783.333333,28.474,1087.5,34.974,625,40.974,2445.833333,45.974,600,50.474,183.333333
19.976,4845.833333,28.476,1233.333333,34.976,662.5,40.976,3075,45.976,712.5,50.476,208.333333
19.978,3704.166667,28.478,1112.5,34.978,562.5,40.978,2883.333333,45.978,729.166667,50.478,154.166667
19.98,5504.166667,28.48,1641.666667,34.98,537.5,40.98,2508.333333,45.98,775,50.48,179.166667
19.982,3945.833333,28.482,1266.666667,34.982,579.166667,40.982,2587.5,45.982,808.333333,50.482,183.333333
19.984,5908.333333,28.484,1675,34.984,533.333333,40.984,2770.833333,45.984,720.833333,50.484,216.666667
19.986,4004.166667,28.486,1437.5,34.986,604.166667,40.986,2691.666667,45.986,754.166667,50.486,158.333333
19.988,6000,28.488,1787.5,34.988,608.333333,40.988,2258.333333,45.988,829.166667,50.488,150
19.99,4762.5,28.49,1575,34.99,554.166667,40.99,2104.166667,45.99,833.333333,50.49,183.333333
19.992,5812.5,28.492,1695.833333,34.992,604.166667,40.992,2462.5,45.992,750,50.492,237.5
19.994,4654.166667,28.494,1716.666667,34.994,666.666667,40.994,2537.5,45.994,908.333333,50.494,137.5
19.996,6479.166667,28.496,1904.166667,34.996,629.166667,40.996,2033.333333,45.996,950,50.496,187.5
19.998,5250,28.498,1679.166667,34.998,550,40.998,1691.666667,45.998,975,50.498,191.666667
20,6200,28.5,1937.5,35,641.666667,41,1991.666667,46,829.166667,50.5,154.166667
20.002,5300,28.502,2000,35.002,666.666667,41.002,2120.833333,46.002,995.833333,50.502,162.5
20.004,6145.833333,28.504,1762.5,35.004,666.666667,41.004,1745.833333,46.004,908.333333,50.504,179.166667
20.006,6262.5,28.506,2120.833333,35.006,708.333333,41.006,1508.333333,46.006,1133.333333,50.506,208.333333
20.008,6437.5,28.508,1912.5,35.008,600,41.008,1525,46.008,958.333333,50.508,195.833333
20.01,6475,28.51,2283.333333,35.01,583.333333,41.01,1741.666667,46.01,1141.666667,50.51,195.833333
20.012,6320.833333,28.512,2145.833333,35.012,595.833333,41.012,1604.166667,46.012,1204.166667,50.512,254.166667
20.014,7525,28.514,2533.333333,35.014,675,41.014,1283.333333,46.014,1133.333333,50.514,216.666667
20.016,6879.166667,28.516,2200,35.016,708.333333,41.016,1262.5,46.016,1116.666667,50.516,220.833333
20.018,7754.166667,28.518,2616.666667,35.018,654.166667,41.018,1516.666667,46.018,1200,50.518,229.166667
20.02,6275,28.52,2295.833333,35.02,741.666667,41.02,1191.666667,46.02,1175,50.52,220.833333
20.022,8587.5,28.522,2687.5,35.022,658.333333,41.022,1079.166667,46.022,1245.833333,50.522,216.666667
20.024,6600,28.524,2445.833333,35.024,687.5,41.024,1100,46.024,1379.166667,50.524,208.333333
20.026,9245.833333,28.526,2933.333333,35.026,650,41.026,1345.833333,46.026,1262.5,50.526,200
20.028,6891.666667,28.528,2641.666667,35.028,712.5,41.028,975,46.028,1266.666667,50.528,237.5
20.03,9183.333333,28.53,3229.166667,35.03,775,41.03,795.833333,46.03,1341.666667,50.53,200
20.032,7145.833333,28.532,2629.166667,35.032,733.333333,41.032,883.333333,46.032,1358.333333,50.532,237.5
20.034,9991.666667,28.534,3104.166667,35.034,595.833333,41.034,979.166667,46.034,1529.166667,50.534,245.833333
20.036,7708.333333,28.536,3041.666667,35.036,783.333333,41.036,925,46.036,1416.666667,50.536,225
20.038,10050,28.538,3625,35.038,825,41.038,783.333333,46.038,1516.666667,50.538,170.833333
20.04,8258.333333,28.54,3245.833333,35.04,850,41.04,654.166667,46.04,1495.833333,50.54,200
20.042,11037.5,28.542,3595.833333,35.042,862.5,41.042,775,46.042,1412.5,50.542,191.666667
20.044,8200,28.544,3641.666667,35.044,887.5,41.044,800,46.044,1375,50.544,250
20.046,10525,28.546,3600,35.046,820.833333,41.046,808.333333,46.046,1387.5,50.546,162.5
20.048,9716.666667,28.548,3829.166667,35.048,900,41.048,695.833333,46.048,1520.833333,50.548,245.833333
20.05,11845.83333,28.55,3954.166667,35.05,858.333333,41.05,629.166667,46.05,1429.166667,50.55,287.5
20.052,10237.5,28.552,4191.666667,35.052,950,41.052,650,46.052,1508.333333,50.552,262.5
20.054,10908.33333,28.554,4133.333333,35.054,854.166667,41.054,604.166667,46.054,1454.166667,50.554,304.166667
20.056,11458.33333,28.556,4612.5,35.056,966.666667,41.056,570.833333,46.056,1350,50.556,279.166667
20.058,12287.5,28.558,4316.666667,35.058,958.333333,41.058,641.666667,46.058,1479.166667,50.558,275
20.06,12720.83333,28.56,4750,35.06,1037.5,41.06,625,46.06,1437.5,50.56,254.166667
20.062,11300,28.562,4366.666667,35.062,1129.166667,41.062,550,46.062,1379.166667,50.562,283.333333
20.064,13666.66667,28.564,5425,35.064,841.666667,41.064,450,46.064,1354.166667,50.564,237.5
20.066,12654.16667,28.566,4666.666667,35.066,1116.666667,41.066,529.166667,46.066,1333.333333,50.566,262.5
20.068,14725,28.568,5525,35.068,916.666667,41.068,545.833333,46.068,1470.833333,50.568,287.5
20.07,12037.5,28.57,5141.666667,35.07,1104.166667,41.07,520.833333,46.07,1275,50.57,300
20.072,14970.83333,28.572,6104.166667,35.072,1129.166667,41.072,470.833333,46.072,1325,50.572,295.833333
20.074,13175,28.574,5620.833333,35.074,1175,41.074,541.666667,46.074,1358.333333,50.574,254.166667
20.076,17758.33333,28.576,6404.166667,35.076,1000,41.076,520.833333,46.076,1275,50.576,262.5
20.078,13470.83333,28.578,5645.833333,35.078,1275,41.078,475,46.078,1300,50.578,270.833333
20.08,17358.33333,28.58,6954.166667,35.08,1104.166667,41.08,516.666667,46.08,1358.333333,50.58,312.5
20.082,14670.83333,28.582,6450,35.082,1270.833333,41.082,495.833333,46.082,1120.833333,50.582,270.833333
20.084,20337.5,28.584,6987.5,35.084,1220.833333,41.084,445.833333,46.084,1133.333333,50.584,358.333333
20.086,15050,28.586,6341.666667,35.086,1370.833333,41.086,520.833333,46.086,1266.666667,50.586,275
20.088,19175,28.588,7541.666667,35.088,1170.833333,41.088,445.833333,46.088,1320.833333,50.588,316.666667
20.09,16716.66667,28.59,7875,35.09,1304.166667,41.09,466.666667,46.09,1133.333333,50.59,266.666667
20.092,22700,28.592,8050,35.092,1341.666667,41.092,425,46.092,1108.333333,50.592,345.833333
20.094,18208.33333,28.594,8054.166667,35.094,1408.333333,41.094,558.333333,46.094,1016.666667,50.594,325
20.096,21325,28.596,8716.666667,35.096,1362.5,41.096,454.166667,46.096,970.833333,50.596,325
20.098,19900,28.598,9079.166667,35.098,1479.166667,41.098,520.833333,46.098,1008.333333,50.598,295.833333
20.1,24695.83333,28.6,9095.833333,35.1,1345.833333,41.1,454.166667,46.1,995.833333,50.6,387.5
20.102,22891.66667,28.602,9525,35.102,1545.833333,41.102,579.166667,46.102,858.333333,50.602,354.166667
20.104,22466.66667,28.604,9625,35.104,1600,41.104,441.666667,46.104,791.666667,50.604,400
20.106,24133.33333,28.606,10962.5,35.106,1537.5,41.106,533.333333,46.106,920.833333,50.606,325
20.108,26579.16667,28.608,10162.5,35.108,1720.833333,41.108,512.5,46.108,812.5,50.608,420.833333
20.11,27991.66667,28.61,11225,35.11,1554.166667,41.11,537.5,46.11,879.166667,50.61,337.5
20.112,25341.66667,28.612,10400,35.112,1904.166667,41.112,504.166667,46.112,762.5,50.612,433.333333
20.114,28716.66667,28.614,12500,35.114,1641.666667,41.114,541.666667,46.114,716.666667,50.614,445.833333
20.116,27950,28.616,12145.83333,35.116,1820.833333,41.116,604.166667,46.116,641.666667,50.616,391.666667
20.118,35062.5,28.618,13191.66667,35.118,1883.333333,41.118,587.5,46.118,704.166667,50.618,420.833333
20.12,28416.66667,28.62,11987.5,35.12,2066.666667,41.12,475,46.12,766.666667,50.62,466.666667
20.122,33112.5,28.622,14254.16667,35.122,1804.166667,41.122,516.666667,46.122,612.5,50.622,508.333333
20.124,31562.5,28.624,13345.83333,35.124,2054.166667,41.124,458.333333,46.124,583.333333,50.624,504.166667
20.126,41108.33333,28.626,14458.33333,35.126,1925,41.126,583.333333,46.126,616.666667,50.626,537.5
20.128,33100,28.628,13225,35.128,2233.333333,41.128,595.833333,46.128,691.666667,50.628,612.5
20.13,38208.33333,28.63,15108.33333,35.13,2125,41.13,570.833333,46.13,591.666667,50.63,566.666667
20.132,36754.16667,28.632,15841.66667,35.132,2287.5,41.132,575,46.132,629.166667,50.632,591.666667
20.134,48891.66667,28.634,15637.5,35.134,2304.166667,41.134,670.833333,46.134,508.333333,50.634,525
20.136,40145.83333,28.636,15062.5,35.136,2250,41.136,687.5,46.136,570.833333,50.636,475
20.138,43087.5,28.638,16095.83333,35.138,2191.666667,41.138,662.5,46.138,487.5,50.638,504.166667
20.14,43058.33333,28.64,16979.16667,35.14,2858.333333,41.14,637.5,46.14,470.833333,50.64,612.5
20.142,55858.33333,28.642,17366.66667,35.142,2545.833333,41.142,608.333333,46.142,516.666667,50.642,604.166667
20.144,50029.16667,28.644,16237.5,35.144,2866.666667,41.144,716.666667,46.144,491.666667,50.644,687.5
20.146,48316.66667,28.646,16862.5,35.146,2825,41.146,654.166667,46.146,470.833333,50.646,666.666667
20.148,48995.83333,28.648,18087.5,35.148,3020.833333,41.148,666.666667,46.148,433.333333,50.648,779.166667
20.15,60754.16667,28.65,17533.33333,35.15,2825,41.15,712.5,46.15,412.5,50.65,729.166667
20.152,60454.16667,28.652,17925,35.152,3179.166667,41.152,908.333333,46.152,379.166667,50.652,762.5
20.154,53362.5,28.654,16458.33333,35.154,3050,41.154,695.833333,46.154,362.5,50.654,691.666667
20.156,55575,28.656,18595.83333,35.156,3120.833333,41.156,662.5,46.156,375,50.656,708.333333
20.158,63966.66667,28.658,16891.66667,35.158,3416.666667,41.158,791.666667,46.158,454.166667,50.658,800
20.16,69625,28.66,17750,35.16,3487.5,41.16,895.833333,46.16,341.666667,50.66,729.166667
20.162,56300,28.662,15770.83333,35.162,3800,41.162,820.833333,46.162,429.166667,50.662,862.5
20.164,58433.33333,28.664,17462.5,35.164,3408.333333,41.164,804.166667,46.164,391.666667,50.664,1037.5
20.166,62466.66667,28.666,17070.83333,35.166,3925,41.166,908.333333,46.166,337.5,50.666,1058.333333
20.168,73325,28.668,16479.16667,35.168,3970.833333,41.168,958.333333,46.168,395.833333,50.668,1025
20.17,55237.5,28.67,14037.5,35.17,4054.166667,41.17,887.5,46.17,304.166667,50.67,1133.333333
20.172,56554.16667,28.672,14695.83333,35.172,3912.5,41.172,933.333333,46.172,333.333333,50.672,1008.333333
20.174,58154.16667,28.674,15083.33333,35.174,4679.166667,41.174,904.166667,46.174,254.166667,50.674,1083.333333
20.176,70079.16667,28.676,15254.16667,35.176,4120.833333,41.176,1237.5,46.176,416.666667,50.676,1050
20.178,54200,28.678,12391.66667,35.178,4808.333333,41.178,1045.833333,46.178,320.833333,50.678,1141.666667
20.18,49991.66667,28.68,13254.16667,35.18,4370.833333,41.18,1025,46.18,320.833333,50.68,1133.333333
20.182,49400,28.682,13379.16667,35.182,5062.5,41.182,975,46.182,304.166667,50.682,1170.833333
20.184,60941.66667,28.684,13016.66667,35.184,4987.5,41.184,1145.833333,46.184,345.833333,50.684,1345.833333
20.186,48937.5,28.686,11129.16667,35.186,5529.166667,41.186,1158.333333,46.186,283.333333,50.686,1362.5
20.188,43800,28.688,10562.5,35.188,5108.333333,41.188,1075,46.188,337.5,50.688,1383.333333
20.19,40620.83333,28.69,11420.83333,35.19,5783.333333,41.19,1170.833333,46.19,287.5,50.69,1304.166667
20.192,48504.16667,28.692,11225,35.192,5658.333333,41.192,1304.166667,46.192,254.166667,50.692,1491.666667
20.194,42316.66667,28.694,9541.666667,35.194,5995.833333,41.194,1541.666667,46.194,287.5,50.694,1616.666667
20.196,34850,28.696,8654.166667,35.196,5825,41.196,1191.666667,46.196,295.833333,50.696,1695.833333
20.198,32275,28.698,9037.5,35.198,6462.5,41.198,1275,46.198,341.666667,50.698,1575
20.2,38016.66667,28.7,9141.666667,35.2,6420.833333,41.2,1433.333333,46.2,345.833333,50.7,1625
20.202,34941.66667,28.702,8045.833333,35.202,7366.666667,41.202,1650,46.202,366.666667,50.702,1741.666667
20.204,28050,28.704,6683.333333,35.204,6812.5,41.204,1475,46.204,287.5,50.704,1816.666667
20.206,25941.66667,28.706,7375,35.206,7300,41.206,1458.333333,46.206,395.833333,50.706,1804.166667
20.208,27737.5,28.708,7287.5,35.208,7716.666667,41.208,1458.333333,46.208,300,50.708,1979.166667
20.21,29304.16667,28.71,7004.166667,35.21,7854.166667,41.21,1766.666667,46.21,304.166667,50.71,2100
20.212,23112.5,28.712,5291.666667,35.212,8445.833333,41.212,1591.666667,46.212,345.833333,50.712,1995.833333
20.214,22083.33333,28.714,6262.5,35.214,8016.666667,41.214,1566.666667,46.214,366.666667,50.714,2154.166667
20.216,21687.5,28.716,6029.166667,35.216,9120.833333,41.216,1520.833333,46.216,279.166667,50.716,2220.833333
20.218,25220.83333,28.718,6004.166667,35.218,8983.333333,41.218,1841.666667,46.218,312.5,50.718,2387.5
20.22,18975,28.72,4637.5,35.22,10095.83333,41.22,1620.833333,46.22,254.166667,50.72,2308.333333
20.222,19866.66667,28.722,5462.5,35.222,9604.166667,41.222,1487.5,46.222,283.333333,50.722,2416.666667
20.224,18854.16667,28.724,4929.166667,35.224,10466.66667,41.224,1654.166667,46.224,325,50.724,2595.833333
20.226,22754.16667,28.726,5433.333333,35.226,10466.66667,41.226,1883.333333,46.226,287.5,50.726,2600
20.228,17712.5,28.728,4604.166667,35.228,11750,41.228,1654.166667,46.228,354.166667,50.728,2600
20.23,19120.83333,28.73,4820.833333,35.23,10841.66667,41.23,1625,46.23,395.833333,50.73,2670.833333
20.232,17308.33333,28.732,4729.166667,35.232,12320.83333,41.232,1600,46.232,254.166667,50.732,2783.333333
20.234,22108.33333,28.734,4845.833333,35.234,11662.5,41.234,1733.333333,46.234,329.166667,50.734,3079.166667
20.236,17733.33333,28.736,4200,35.236,13333.33333,41.236,1641.666667,46.236,341.666667,50.736,2670.833333
20.238,19466.66667,28.738,4712.5,35.238,12691.66667,41.238,1408.333333,46.238,308.333333,50.738,2991.666667
20.24,18841.66667,28.74,4625,35.24,14245.83333,41.24,1345.833333,46.24,329.166667,50.74,3154.166667
20.242,22245.83333,28.742,4745.833333,35.242,13812.5,41.242,1666.666667,46.242,312.5,50.742,3208.333333
20.244,20358.33333,28.744,4050,35.244,15416.66667,41.244,1595.833333,46.244,333.333333,50.744,3287.5
20.246,20008.33333,28.746,4491.666667,35.246,14837.5,41.246,1495.833333,46.246,341.666667,50.746,3045.833333
20.248,19912.5,28.748,4620.833333,35.248,15937.5,41.248,1216.666667,46.248,354.166667,50.748,3329.166667
20.25,24154.16667,28.75,4412.5,35.25,16675,41.25,1412.5,46.25,366.666667,50.75,3250
20.252,23512.5,28.752,4504.166667,35.252,17516.66667,41.252,1591.666667,46.252,408.333333,50.752,3491.666667
20.254,21512.5,28.754,4162.5,35.254,17812.5,41.254,1420.833333,46.254,379.166667,50.754,3425
20.256,21983.33333,28.756,4808.333333,35.256,17941.66667,41.256,1120.833333,46.256,387.5,50.756,3262.5
20.258,25166.66667,28.758,4370.833333,35.258,18950,41.258,1225,46.258,375,50.758,3400
20.26,27487.5,28.76,4745.833333,35.26,19708.33333,41.26,1245.833333,46.26,412.5,50.76,3362.5
20.262,23045.83333,28.762,4537.5,35.262,19862.5,41.262,1075,46.262,383.333333,50.762,3208.333333
20.264,25383.33333,28.764,5245.833333,35.264,20412.5,41.264,904.166667,46.264,445.833333,50.764,3529.166667
20.266,27858.33333,28.766,4608.333333,35.266,20733.33333,41.266,933.333333,46.266,400,50.766,3416.666667
20.268,32237.5,28.768,5141.666667,35.268,21175,41.268,1100,46.268,483.333333,50.768,3345.833333
20.27,26470.83333,28.77,4695.833333,35.27,22691.66667,41.27,912.5,46.27,387.5,50.77,2995.833333
20.272,28362.5,28.772,5616.666667,35.272,21995.83333,41.272,804.166667,46.272,445.833333,50.772,3275
20.274,30233.33333,28.774,5570.833333,35.274,22883.33333,41.274,804.166667,46.274,470.833333,50.774,3304.166667
20.276,36395.83333,28.776,5720.833333,35.276,23025,41.276,937.5,46.276,504.166667,50.776,2983.333333
20.278,29970.83333,28.778,5191.666667,35.278,24762.5,41.278,729.166667,46.278,475,50.778,3125
20.28,30558.33333,28.78,6025,35.28,23770.83333,41.28,766.666667,46.28,416.666667,50.78,3158.333333
20.282,31475,28.782,5829.166667,35.282,24037.5,41.282,612.5,46.282,525,50.782,3016.666667
20.284,38104.16667,28.784,6241.666667,35.284,24341.66667,41.284,670.833333,46.284,479.166667,50.784,3025
20.286,32570.83333,28.786,6170.833333,35.286,24470.83333,41.286,658.333333,46.286,516.666667,50.786,2808.333333
20.288,31300,28.788,6729.166667,35.288,24112.5,41.288,612.5,46.288,500,50.788,2550
20.29,31354.16667,28.79,6562.5,35.29,24687.5,41.29,587.5,46.29,575,50.79,2845.833333
20.292,37620.83333,28.792,7158.333333,35.292,23720.83333,41.292,533.333333,46.292,537.5,50.792,2787.5
20.294,35187.5,28.794,7195.833333,35.294,24400,41.294,554.166667,46.294,625,50.794,2500
20.296,29662.5,28.796,7150,35.296,24233.33333,41.296,533.333333,46.296,545.833333,50.796,2445.833333
20.298,29304.16667,28.798,7483.333333,35.298,23262.5,41.298,458.333333,46.298,683.333333,50.798,2312.5
20.3,34045.83333,28.8,7662.5,35.3,22012.5,41.3,495.833333,46.3,662.5,50.8,2270.833333
20.302,32491.66667,28.802,7629.166667,35.302,21995.83333,41.302,520.833333,46.302,654.166667,50.802,2141.666667
20.304,26375,28.804,7566.666667,35.304,21887.5,41.304,470.833333,46.304,650,50.804,2220.833333
20.306,25879.16667,28.806,8570.833333,35.306,22387.5,41.306,408.333333,46.306,654.166667,50.806,2225
20.308,28475,28.808,8345.833333,35.308,20270.83333,41.308,391.666667,46.308,679.166667,50.808,2075
20.31,28775,28.81,9066.666667,35.31,19812.5,41.31,462.5,46.31,558.333333,50.81,1879.166667
20.312,22137.5,28.812,8129.166667,35.312,19295.83333,41.312,408.333333,46.312,741.666667,50.812,1879.166667
20.314,20316.66667,28.814,9412.5,35.314,18629.16667,41.314,370.833333,46.314,625,50.814,1808.333333
20.316,21583.33333,28.816,9250,35.316,17783.33333,41.316,354.166667,46.316,725,50.816,1583.333333
20.318,23841.66667,28.818,9533.333333,35.318,16600,41.318,329.166667,46.318,766.666667,50.818,1612.5
20.32,17054.16667,28.82,8570.833333,35.32,16441.66667,41.32,320.833333,46.32,775,50.82,1550
20.322,15816.66667,28.822,9558.333333,35.322,15991.66667,41.322,283.333333,46.322,737.5,50.822,1366.666667
20.324,15237.5,28.824,9254.166667,35.324,14970.83333,41.324,270.833333,46.324,716.666667,50.824,1633.333333
20.326,17079.16667,28.826,9912.5,35.326,13720.83333,41.326,291.666667,46.326,737.5,50.826,1245.833333
20.328,13450,28.828,8737.5,35.328,13337.5,41.328,308.333333,46.328,779.166667,50.828,1329.166667
20.33,11704.16667,28.83,9529.166667,35.33,12520.83333,41.33,266.666667,46.33,879.166667,50.83,1229.166667
20.332,10516.66667,28.832,9887.5,35.332,12354.16667,41.332,245.833333,46.332,891.666667,50.832,1304.166667
20.334,11950,28.834,9341.666667,35.334,10887.5,41.334,325,46.334,750,50.834,1116.666667
20.336,9962.5,28.836,8941.666667,35.336,10554.16667,41.336,270.833333,46.336,754.166667,50.836,1225
20.338,8133.333333,28.838,8670.833333,35.338,10137.5,41.338,229.166667,46.338,800,50.838,983.333333
20.34,7716.666667,28.84,9475,35.34,9679.166667,41.34,220.833333,46.34,812.5,50.84,987.5
20.342,8329.166667,28.842,8850,35.342,8725,41.342,291.666667,46.342,900,50.842,979.166667
20.344,7229.166667,28.844,8100,35.344,8187.5,41.344,295.833333,46.344,908.333333,50.844,912.5
20.346,6045.833333,28.846,8066.666667,35.346,8208.333333,41.346,195.833333,46.346,883.333333,50.846,837.5
20.348,5525,28.848,8462.5,35.348,7979.166667,41.348,250,46.348,891.666667,50.848,975
20.35,6145.833333,28.85,8362.5,35.35,6900,41.35,220.833333,46.35,754.166667,50.85,795.833333
20.352,5558.333333,28.852,7462.5,35.352,6962.5,41.352,150,46.352,812.5,50.852,795.833333
20.354,4470.833333,28.854,6804.166667,35.354,6737.5,41.354,179.166667,46.354,812.5,50.854,758.333333
20.356,4495.833333,28.856,7520.833333,35.356,6291.666667,41.356,204.166667,46.356,887.5,50.856,858.333333
20.358,4287.5,28.858,6995.833333,35.358,5850,41.358,245.833333,46.358,895.833333,50.858,704.166667
20.36,4562.5,28.86,6662.5,35.36,5533.333333,41.36,250,46.36,816.666667,50.86,625
20.362,3862.5,28.862,5733.333333,35.362,5591.666667,41.362,216.666667,46.362,725,50.862,700
20.364,3341.666667,28.864,5800,35.364,5604.166667,41.364,216.666667,46.364,820.833333,50.864,733.333333
20.366,3679.166667,28.866,5916.666667,35.366,5375,41.366,166.666667,46.366,804.166667,50.866,700
20.368,4133.333333,28.868,5416.666667,35.368,4912.5,41.368,254.166667,46.368,737.5,50.868,537.5
20.37,3116.666667,28.87,4583.333333,35.37,4916.666667,41.37,187.5,46.37,804.166667,50.87,637.5
20.372,3187.5,28.872,4829.166667,35.372,4712.5,41.372,166.666667,46.372,816.666667,50.872,616.666667
20.374,2954.166667,28.874,4779.166667,35.374,4745.833333,41.374,212.5,46.374,625,50.874,658.333333
20.376,3225,28.876,4508.333333,35.376,4158.333333,41.376,254.166667,46.376,762.5,50.876,575
20.378,2583.333333,28.878,3729.166667,35.378,4654.166667,41.378,150,46.378,654.166667,50.878,525
20.38,2637.5,28.88,3720.833333,35.38,4166.666667,41.38,241.666667,46.38,800,50.88,437.5
20.382,2395.833333,28.882,3779.166667,35.382,4466.666667,41.382,179.166667,46.382,695.833333,50.882,541.666667
20.384,3145.833333,28.884,3662.5,35.384,4141.666667,41.384,245.833333,46.384,629.166667,50.884,525
20.386,2495.833333,28.886,2987.5,35.386,4270.833333,41.386,204.166667,46.386,583.333333,50.886,529.166667
20.388,2266.666667,28.888,2766.666667,35.388,4075,41.388,120.833333,46.388,612.5,50.888,483.333333
20.39,2395.833333,28.89,2991.666667,35.39,4150,41.39,191.666667,46.39,645.833333,50.89,487.5
20.392,2654.166667,28.892,2583.333333,35.392,4125,41.392,241.666667,46.392,600,50.892,554.166667
20.394,2362.5,28.894,2308.333333,35.394,4195.833333,41.394,250,46.394,537.5,50.894,391.666667
20.396,2370.833333,28.896,2250,35.396,4020.833333,41.396,195.833333,46.396,583.333333,50.896,425
20.398,2045.833333,28.898,2341.666667,35.398,4166.666667,41.398,208.333333,46.398,612.5,50.898,500
20.4,2316.666667,28.9,2479.166667,35.4,4325,41.4,187.5,46.4,537.5,50.9,479.166667
20.402,2279.166667,28.902,1912.5,35.402,4562.5,41.402,158.333333,46.402,554.166667,50.902,445.833333
20.404,2066.666667,28.904,1687.5,35.404,4291.666667,41.404,208.333333,46.404,525,50.904,554.166667
20.406,2050,28.906,1970.833333,35.406,4262.5,41.406,208.333333,46.406,612.5,50.906,437.5
20.408,2133.333333,28.908,1625,35.408,4400,41.408,179.166667,46.408,562.5,50.908,454.166667
20.41,2195.833333,28.91,1525,35.41,4237.5,41.41,191.666667,46.41,391.666667,50.91,416.666667
20.412,1687.5,28.912,1391.666667,35.412,4558.333333,41.412,162.5,46.412,429.166667,50.912,450
20.414,1920.833333,28.914,1516.666667,35.414,4179.166667,41.414,175,46.414,404.166667,50.914,429.166667
20.416,1795.833333,28.916,1354.166667,35.416,4666.666667,41.416,179.166667,46.416,412.5,50.916,512.5
20.418,2187.5,28.918,1370.833333,35.418,4354.166667,41.418,133.333333,46.418,429.166667,50.918,408.333333
20.42,1662.5,28.92,1208.333333,35.42,4645.833333,41.42,150,46.42,333.333333,50.92,487.5
20.422,1841.666667,28.922,1241.666667,35.422,4679.166667,41.422,195.833333,46.422,300,50.922,454.166667
20.424,1708.333333,28.924,1233.333333,35.424,5112.5,41.424,183.333333,46.424,333.333333,50.924,512.5
20.426,2158.333333,28.926,1137.5,35.426,4904.166667,41.426,166.666667,46.426,366.666667,50.926,429.166667
20.428,1575,28.928,866.666667,35.428,5412.5,41.428,137.5,46.428,362.5,50.928,450
20.43,1654.166667,28.93,991.666667,35.43,4941.666667,41.43,145.833333,46.43,379.166667,50.93,450
20.432,1462.5,28.932,1083.333333,35.432,5662.5,41.432,154.166667,46.432,250,50.932,387.5
20.434,1995.833333,28.934,1029.166667,35.434,5433.333333,41.434,137.5,46.434,312.5,50.934,441.666667
20.436,1633.333333,28.936,879.166667,35.436,5704.166667,41.436,158.333333,46.436,325,50.936,450
20.438,1525,28.938,904.166667,35.438,5479.166667,41.438,137.5,46.438,266.666667,50.938,479.166667
20.44,1470.833333,28.94,895.833333,35.44,6279.166667,41.44,137.5,46.44,300,50.94,445.833333
20.442,1708.333333,28.942,920.833333,35.442,5958.333333,41.442,166.666667,46.442,229.166667,50.942,454.166667
20.444,1633.333333,28.944,687.5,35.444,6416.666667,41.444,187.5,46.444,266.666667,50.944,433.333333
20.446,1620.833333,28.946,729.166667,35.446,6166.666667,41.446,154.166667,46.446,241.666667,50.946,429.166667
20.448,1433.333333,28.948,737.5,35.448,6795.833333,41.448,150,46.448,229.166667,50.948,412.5
20.45,1837.5,28.95,895.833333,35.45,6283.333333,41.45,150,46.45,170.833333,50.95,416.666667
20.452,1595.833333,28.952,741.666667,35.452,7141.666667,41.452,145.833333,46.452,216.666667,50.952,504.166667
20.454,1475,28.954,675,35.454,7025,41.454,150,46.454,250,50.954,454.166667
20.456,1525,28.956,720.833333,35.456,7450,41.456,166.666667,46.456,233.333333,50.956,516.666667
20.458,1600,28.958,750,35.458,7662.5,41.458,133.333333,46.458,262.5,50.958,545.833333
20.46,1620.833333,28.96,712.5,35.46,8070.833333,41.46,162.5,46.46,204.166667,50.96,454.166667
20.462,1425,28.962,691.666667,35.462,8537.5,41.462,179.166667,46.462,270.833333,50.962,470.833333
20.464,1425,28.964,591.666667,35.464,8362.5,41.464,195.833333,46.464,212.5,50.964,433.333333
20.466,1529.166667,28.966,704.166667,35.466,9158.333333,41.466,141.666667,46.466,266.666667,50.966,425
20.468,1729.166667,28.968,604.166667,35.468,8870.833333,41.468,150,46.468,250,50.968,441.666667
20.47,1229.166667,28.97,695.833333,35.47,9433.333333,41.47,154.166667,46.47,175,50.97,470.833333
20.472,1391.666667,28.972,691.666667,35.472,9370.833333,41.472,129.166667,46.472,191.666667,50.972,500
20.474,1175,28.974,550,35.474,9979.166667,41.474,162.5,46.474,170.833333,50.974,512.5
20.476,1675,28.976,600,35.476,10225,41.476,154.166667,46.476,170.833333,50.976,558.333333
20.478,1337.5,28.978,508.333333,35.478,11262.5,41.478,166.666667,46.478,208.333333,50.978,620.833333
20.48,1458.333333,28.98,537.5,35.48,10258.33333,41.48,183.333333,46.48,162.5,50.98,520.833333
20.482,1445.833333,28.982,620.833333,35.482,11425,41.482,179.166667,46.482,200,50.982,637.5
20.484,1566.666667,28.984,629.166667,35.484,11695.83333,41.484,187.5,46.484,191.666667,50.984,529.166667
20.486,1250,28.986,475,35.486,12441.66667,41.486,204.166667,46.486,179.166667,50.986,579.166667
20.488,1354.166667,28.988,466.666667,35.488,11895.83333,41.488,137.5,46.488,137.5,50.988,529.166667
20.49,1283.333333,28.99,533.333333,35.49,12616.66667,41.49,166.666667,46.49,191.666667,50.99,558.333333
20.492,1541.666667,28.992,616.666667,35.492,12562.5,41.492,179.166667,46.492,137.5,50.992,491.666667
20.494,1425,28.994,487.5,35.494,12562.5,41.494,229.166667,46.494,150,50.994,637.5
20.496,1283.333333,28.996,495.833333,35.496,12866.66667,41.496,225,46.496,162.5,50.996,587.5
20.498,1245.833333,28.998,512.5,35.498,13075,41.498,162.5,46.498,179.166667,50.998,670.833333
20.5,1441.666667,29,520.833333,35.5,12983.33333,41.5,187.5,46.5,158.333333,51,679.166667
20.502,1516.666667,29.002,512.5,35.502,13562.5,41.502,191.666667,46.502,145.833333,51.002,775
20.504,1375,29.004,504.166667,35.504,13795.83333,41.504,154.166667,46.504,141.666667,51.004,787.5
20.506,1270.833333,29.006,566.666667,35.506,13658.33333,41.506,145.833333,46.506,137.5,51.006,683.333333
20.508,1420.833333,29.008,587.5,35.508,13500,41.508,175,46.508,137.5,51.008,733.333333
20.51,1437.5,29.01,500,35.51,12825,41.51,195.833333,46.51,154.166667,51.01,845.833333
20.512,1170.833333,29.012,429.166667,35.512,13541.66667,41.512,212.5,46.512,120.833333,51.012,795.833333
20.514,1225,29.014,462.5,35.514,13212.5,41.514,162.5,46.514,112.5,51.014,687.5
20.516,1329.166667,29.016,366.666667,35.516,13158.33333,41.516,137.5,46.516,108.333333,51.016,854.166667
20.518,1462.5,29.018,516.666667,35.518,12400,41.518,120.833333,46.518,108.333333,51.018,900
20.52,1104.166667,29.02,445.833333,35.52,12891.66667,41.52,162.5,46.52,108.333333,51.02,987.5
20.522,1254.166667,29.022,450,35.522,12279.16667,41.522,166.666667,46.522,137.5,51.022,804.166667
20.524,1154.166667,29.024,441.666667,35.524,11904.16667,41.524,137.5,46.524,137.5,51.024,1095.833333
20.526,1433.333333,29.026,466.666667,35.526,11841.66667,41.526,154.166667,46.526,133.333333,51.026,975
20.528,1091.666667,29.028,450,35.528,11750,41.528,162.5,46.528,112.5,51.028,1070.833333
20.53,1320.833333,29.03,387.5,35.53,11104.16667,41.53,166.666667,46.53,162.5,51.03,945.833333
20.532,1254.166667,29.032,420.833333,35.532,10850,41.532,133.333333,46.532,145.833333,51.032,987.5
20.534,1350,29.034,412.5,35.534,9879.166667,41.534,162.5,46.534,141.666667,51.034,1016.666667
20.536,1262.5,29.036,383.333333,35.536,9512.5,41.536,170.833333,46.536,170.833333,51.036,1154.166667
20.538,1237.5,29.038,441.666667,35.538,9583.333333,41.538,129.166667,46.538,108.333333,51.038,1183.333333
20.54,1158.333333,29.04,375,35.54,9025,41.54,150,46.54,108.333333,51.04,1208.333333
20.542,1312.5,29.042,412.5,35.542,8554.166667,41.542,162.5,46.542,91.666667,51.042,1254.166667
20.544,1220.833333,29.044,429.166667,35.544,7679.166667,41.544,162.5,46.544,95.833333,51.044,1195.833333
20.546,1258.333333,29.046,433.333333,35.546,7695.833333,41.546,129.166667,46.546,145.833333,51.046,1287.5
20.548,1158.333333,29.048,433.333333,35.548,7358.333333,41.548,150,46.548,79.166667,51.048,1425
20.55,1354.166667,29.05,337.5,35.55,6925,41.55,112.5,46.55,95.833333,51.05,1391.666667
20.552,1350,29.052,370.833333,35.552,6404.166667,41.552,129.166667,46.552,158.333333,51.052,1500
20.554,1212.5,29.054,437.5,35.554,6362.5,41.554,120.833333,46.554,104.166667,51.054,1316.666667
20.556,1229.166667,29.056,445.833333,35.556,5779.166667,41.556,137.5,46.556,100,51.056,1554.166667
20.558,1308.333333,29.058,437.5,35.558,5416.666667,41.558,154.166667,46.558,104.166667,51.058,1545.833333
20.56,1383.333333,29.06,391.666667,35.56,4800,41.56,179.166667,46.56,104.166667,51.06,1520.833333
20.562,1141.666667,29.062,379.166667,35.562,4504.166667,41.562,141.666667,46.562,104.166667,51.062,1612.5
20.564,1279.166667,29.064,333.333333,35.564,4620.833333,41.564,112.5,46.564,95.833333,51.064,1595.833333
20.566,1179.166667,29.066,425,35.566,4125,41.566,129.166667,46.566,195.833333,51.066,1820.833333
20.568,1333.333333,29.068,450,35.568,3733.333333,41.568,150,46.568,116.666667,51.068,1633.333333
20.57,1037.5,29.07,379.166667,35.57,3900,41.57,145.833333,46.57,100,51.07,1541.666667
20.572,1162.5,29.072,429.166667,35.572,3725,41.572,145.833333,46.572,133.333333,51.072,1754.166667
20.574,1104.166667,29.074,370.833333,35.574,3425,41.574,137.5,46.574,129.166667,51.074,1804.166667
20.576,1595.833333,29.076,445.833333,35.576,2945.833333,41.576,125,46.576,112.5,51.076,1729.166667
20.578,1025,29.078,462.5,35.578,2975,41.578,112.5,46.578,108.333333,51.078,1837.5
20.58,1175,29.08,362.5,35.58,2925,41.58,145.833333,46.58,137.5,51.08,1725
20.582,1212.5,29.082,329.166667,35.582,2841.666667,41.582,129.166667,46.582,100,51.082,1795.833333
20.584,1387.5,29.084,458.333333,35.584,2475,41.584,154.166667,46.584,91.666667,51.084,1954.166667
20.586,1058.333333,29.086,350,35.586,2500,41.586,145.833333,46.586,120.833333,51.086,2033.333333
20.588,1254.166667,29.088,408.333333,35.588,2391.666667,41.588,150,46.588,104.166667,51.088,1983.333333
20.59,1125,29.09,354.166667,35.59,2391.666667,41.59,108.333333,46.59,129.166667,51.09,1837.5
20.592,1183.333333,29.092,491.666667,35.592,2225,41.592,150,46.592,133.333333,51.092,1937.5
20.594,1095.833333,29.094,412.5,35.594,1929.166667,41.594,133.333333,46.594,100,51.094,1862.5
20.596,1037.5,29.096,320.833333,35.596,2162.5,41.596,112.5,46.596,108.333333,51.096,1820.833333
20.598,987.5,29.098,300,35.598,1945.833333,41.598,145.833333,46.598,104.166667,51.098,1825
20.6,1362.5,29.1,316.666667,35.6,1695.833333,41.6,137.5,46.6,79.166667,51.1,1791.666667
20.602,1175,29.102,379.166667,35.602,1695.833333,41.602,137.5,46.602,75,51.102,1712.5
20.604,1162.5,29.104,337.5,35.604,1654.166667,41.604,175,46.604,83.333333,51.104,1816.666667
20.606,1170.833333,29.106,345.833333,35.606,1570.833333,41.606,129.166667,46.606,120.833333,51.106,1912.5
20.608,1300,29.108,350,35.608,1558.333333,41.608,91.666667,46.608,100,51.108,1795.833333
20.61,1308.333333,29.11,254.166667,35.61,1458.333333,41.61,145.833333,46.61,150,51.11,1704.166667
20.612,1112.5,29.112,379.166667,35.612,1416.666667,41.612,150,46.612,116.666667,51.112,1829.166667
20.614,1225,29.114,458.333333,35.614,1450,41.614,141.666667,46.614,108.333333,51.114,1675
20.616,1120.833333,29.116,387.5,35.616,1275,41.616,120.833333,46.616,104.166667,51.116,1683.333333
20.618,1179.166667,29.118,370.833333,35.618,1216.666667,41.618,150,46.618,87.5,51.118,1412.5
20.62,1062.5,29.12,350,35.62,1245.833333,41.62,120.833333,46.62,104.166667,51.12,1558.333333
20.622,1045.833333,29.122,395.833333,35.622,1233.333333,41.622,91.666667,46.622,70.833333,51.122,1445.833333
20.624,1112.5,29.124,333.333333,35.624,1162.5,41.624,162.5,46.624,62.5,51.124,1458.333333
20.626,1233.333333,29.126,383.333333,35.626,1150,41.626,154.166667,46.626,120.833333,51.126,1337.5
20.628,1045.833333,29.128,304.166667,35.628,1183.333333,41.628,262.5,46.628,125,51.128,1370.833333
20.63,1200,29.13,454.166667,35.63,1150,41.63,150,46.63,95.833333,51.13,1204.166667
20.632,962.5,29.132,429.166667,35.632,1050,41.632,158.333333,46.632,116.666667,51.132,1220.833333
20.634,1329.166667,29.134,395.833333,35.634,1125,41.634,145.833333,46.634,100,51.134,1058.333333
20.636,1029.166667,29.136,362.5,35.636,987.5,41.636,141.666667,46.636,79.166667,51.136,1100
20.638,995.833333,29.138,354.166667,35.638,995.833333,41.638,120.833333,46.638,83.333333,51.138,1120.833333
20.64,970.833333,29.14,325,35.64,1070.833333,41.64,120.833333,46.64,137.5,51.14,1158.333333
20.642,1258.333333,29.142,370.833333,35.642,925,41.642,141.666667,46.642,87.5,51.142,995.833333
20.644,1154.166667,29.144,379.166667,35.644,916.666667,41.644,170.833333,46.644,108.333333,51.144,1029.166667
20.646,1087.5,29.146,370.833333,35.646,975,41.646,154.166667,46.646,108.333333,51.146,1000
20.648,1179.166667,29.148,325,35.648,887.5,41.648,104.166667,46.648,133.333333,51.148,975
20.65,1270.833333,29.15,325,35.65,925,41.65,145.833333,46.65,87.5,51.15,929.166667
20.652,1075,29.152,395.833333,35.652,925,41.652,137.5,46.652,79.166667,51.152,920.833333
20.654,1083.333333,29.154,358.333333,35.654,879.166667,41.654,87.5,46.654,104.166667,51.154,812.5
20.656,1025,29.156,420.833333,35.656,829.166667,41.656,125,46.656,79.166667,51.156,908.333333
20.658,1141.666667,29.158,391.666667,35.658,779.166667,41.658,129.166667,46.658,104.166667,51.158,900
20.66,1158.333333,29.16,362.5,35.66,850,41.66,129.166667,46.66,125,51.16,675
20.662,1025,29.162,283.333333,35.662,820.833333,41.662,133.333333,46.662,79.166667,51.162,745.833333
20.664,1141.666667,29.164,366.666667,35.664,891.666667,41.664,145.833333,46.664,79.166667,51.164,645.833333
20.666,1079.166667,29.166,320.833333,35.666,858.333333,41.666,158.333333,46.666,75,51.166,729.166667
20.668,1258.333333,29.168,362.5,35.668,779.166667,41.668,129.166667,46.668,112.5,51.168,600
20.67,958.333333,29.17,375,35.67,750,41.67,133.333333,46.67,91.666667,51.17,533.333333
20.672,1120.833333,29.172,337.5,35.672,687.5,41.672,125,46.672,95.833333,51.172,591.666667
20.674,1037.5,29.174,345.833333,35.674,750,41.674,95.833333,46.674,95.833333,51.174,579.166667
20.676,1225,29.176,420.833333,35.676,625,41.676,179.166667,46.676,100,51.176,495.833333
20.678,1054.166667,29.178,308.333333,35.678,729.166667,41.678,112.5,46.678,125,51.178,525
20.68,1008.333333,29.18,329.166667,35.68,754.166667,41.68,166.666667,46.68,83.333333,51.18,462.5
20.682,1029.166667,29.182,300,35.682,804.166667,41.682,125,46.682,120.833333,51.182,587.5
20.684,1220.833333,29.184,300,35.684,645.833333,41.684,162.5,46.684,75,51.184,495.833333
20.686,929.166667,29.186,300,35.686,691.666667,41.686,116.666667,46.686,87.5,51.186,454.166667
20.688,1145.833333,29.188,325,35.688,670.833333,41.688,133.333333,46.688,100,51.188,458.333333
20.69,1112.5,29.19,295.833333,35.69,725,41.69,183.333333,46.69,70.833333,51.19,491.666667
20.692,1254.166667,29.192,345.833333,35.692,550,41.692,95.833333,46.692,87.5,51.192,370.833333
20.694,1150,29.194,370.833333,35.694,637.5,41.694,125,46.694,62.5,51.194,391.666667
20.696,1008.333333,29.196,325,35.696,720.833333,41.696,166.666667,46.696,133.333333,51.196,425
20.698,1125,29.198,387.5,35.698,683.333333,41.698,179.166667,46.698,137.5,51.198,445.833333
20.7,1183.333333,29.2,312.5,35.7,637.5,41.7,162.5,46.7,91.666667,51.2,358.333333
20.702,1037.5,29.202,345.833333,35.702,558.333333,41.702,125,46.702,116.666667,51.202,370.833333
20.704,1012.5,29.204,300,35.704,695.833333,41.704,129.166667,46.704,108.333333,51.204,312.5
20.706,1225,29.206,362.5,35.706,583.333333,41.706,141.666667,46.706,125,51.206,387.5
20.708,1125,29.208,300,35.708,662.5,41.708,145.833333,46.708,141.666667,51.208,337.5
20.71,1141.666667,29.21,325,35.71,629.166667,41.71,87.5,46.71,104.166667,51.21,325
20.712,1087.5,29.212,258.333333,35.712,570.833333,41.712,137.5,46.712,129.166667,51.212,333.333333
20.714,1066.666667,29.214,395.833333,35.714,579.166667,41.714,120.833333,46.714,100,51.214,279.166667
20.716,1108.333333,29.216,366.666667,35.716,570.833333,41.716,116.666667,46.716,79.166667,51.216,358.333333
20.718,1120.833333,29.218,279.166667,35.718,587.5,41.718,133.333333,46.718,87.5,51.218,237.5
20.72,975,29.22,250,35.72,641.666667,41.72,108.333333,46.72,95.833333,51.22,291.666667
20.722,1150,29.222,400,35.722,629.166667,41.722,116.666667,46.722,70.833333,51.222,225
20.724,1083.333333,29.224,391.666667,35.724,720.833333,41.724,145.833333,46.724,100,51.224,295.833333
20.726,1079.166667,29.226,329.166667,35.726,558.333333,41.726,112.5,46.726,91.666667,51.226,325
20.728,1033.333333,29.228,333.333333,35.728,520.833333,41.728,145.833333,46.728,145.833333,51.228,241.666667
20.73,1154.166667,29.23,287.5,35.73,591.666667,41.73,116.666667,46.73,137.5,51.23,308.333333
20.732,1095.833333,29.232,295.833333,35.732,600,41.732,129.166667,46.732,87.5,51.232,308.333333
20.734,1175,29.234,329.166667,35.734,587.5,41.734,100,46.734,116.666667,51.234,229.166667
20.736,1087.5,29.236,300,35.736,604.166667,41.736,137.5,46.736,50,51.236,233.333333
20.738,1041.666667,29.238,375,35.738,525,41.738,137.5,46.738,158.333333,51.238,254.166667
20.74,1045.833333,29.24,320.833333,35.74,558.333333,41.74,120.833333,46.74,62.5,51.24,195.833333
20.742,1066.666667,29.242,341.666667,35.742,554.166667,41.742,95.833333,46.742,87.5,51.242,170.833333
20.744,1012.5,29.244,316.666667,35.744,558.333333,41.744,133.333333,46.744,87.5,51.244,233.333333
20.746,1029.166667,29.246,387.5,35.746,554.166667,41.746,91.666667,46.746,100,51.246,275
20.748,1075,29.248,312.5,35.748,629.166667,41.748,112.5,46.748,133.333333,51.248,266.666667
20.75,970.833333,29.25,412.5,35.75,545.833333,41.75,100,46.75,120.833333,51.25,258.333333
20.752,979.166667,29.252,291.666667,35.752,479.166667,41.752,195.833333,46.752,129.166667,51.252,212.5
20.754,933.333333,29.254,304.166667,35.754,558.333333,41.754,150,46.754,87.5,51.254,237.5
20.756,987.5,29.256,345.833333,35.756,566.666667,41.756,137.5,46.756,116.666667,51.256,195.833333
20.758,1137.5,29.258,300,35.758,508.333333,41.758,129.166667,46.758,91.666667,51.258,212.5
20.76,1095.833333,29.26,287.5,35.76,512.5,41.76,158.333333,46.76,75,51.26,200
20.762,1020.833333,29.262,341.666667,35.762,562.5,41.762,129.166667,46.762,133.333333,51.262,225
20.764,1141.666667,29.264,391.666667,35.764,475,41.764,204.166667,46.764,91.666667,51.264,225
20.766,1004.166667,29.266,316.666667,35.766,587.5,41.766,150,46.766,120.833333,51.266,200
20.768,1141.666667,29.268,275,35.768,654.166667,41.768,166.666667,46.768,91.666667,51.268,266.666667
20.77,1083.333333,29.27,354.166667,35.77,512.5,41.77,145.833333,46.77,83.333333,51.27,195.833333
20.772,991.666667,29.272,250,35.772,500,41.772,100,46.772,70.833333,51.272,220.833333
20.774,970.833333,29.274,391.666667,35.774,666.666667,41.774,125,46.774,100,51.274,212.5
20.776,1250,29.276,316.666667,35.776,437.5,41.776,129.166667,46.776,70.833333,51.276,179.166667
20.778,875,29.278,316.666667,35.778,533.333333,41.778,95.833333,46.778,83.333333,51.278,212.5
20.78,1070.833333,29.28,304.166667,35.78,504.166667,41.78,133.333333,46.78,104.166667,51.28,175
20.782,895.833333,29.282,304.166667,35.782,554.166667,41.782,129.166667,46.782,70.833333,51.282,204.166667
20.784,1125,29.284,325,35.784,541.666667,41.784,112.5,46.784,83.333333,51.284,170.833333
20.786,937.5,29.286,258.333333,35.786,562.5,41.786,112.5,46.786,100,51.286,208.333333
20.788,958.333333,29.288,316.666667,35.788,458.333333,41.788,129.166667,46.788,116.666667,51.288,179.166667
20.79,875,29.29,304.166667,35.79,441.666667,41.79,112.5,46.79,112.5,51.29,195.833333
20.792,1108.333333,29.292,316.666667,35.792,416.666667,41.792,154.166667,46.792,75,51.292,166.666667
20.794,1054.166667,29.294,279.166667,35.794,537.5,41.794,120.833333,46.794,79.166667,51.294,175
20.796,1104.166667,29.296,262.5,35.796,412.5,41.796,133.333333,46.796,112.5,51.296,241.666667
20.798,870.833333,29.298,320.833333,35.798,495.833333,41.798,145.833333,46.798,95.833333,51.298,200
20.8,1179.166667,29.3,362.5,35.8,500,41.8,133.333333,46.8,83.333333,51.3,150
20.802,1079.166667,29.302,466.666667,35.802,587.5,41.802,133.333333,46.802,87.5,51.302,212.5
20.804,979.166667,29.304,279.166667,35.804,495.833333,41.804,133.333333,46.804,91.666667,51.304,183.333333
20.806,941.666667,29.306,354.166667,35.806,437.5,41.806,154.166667,46.806,83.333333,51.306,170.833333
20.808,916.666667,29.308,279.166667,35.808,491.666667,41.808,83.333333,46.808,112.5,51.308,162.5
20.81,991.666667,29.31,375,35.81,433.333333,41.81,145.833333,46.81,100,51.31,137.5
20.812,900,29.312,270.833333,35.812,454.166667,41.812,100,46.812,108.333333,51.312,187.5
20.814,1004.166667,29.314,308.333333,35.814,487.5,41.814,79.166667,46.814,112.5,51.314,170.833333
20.816,1025,29.316,325,35.816,462.5,41.816,87.5,46.816,95.833333,51.316,162.5
20.818,1133.333333,29.318,333.333333,35.818,516.666667,41.818,79.166667,46.818,79.166667,51.318,129.166667
20.82,891.666667,29.32,341.666667,35.82,470.833333,41.82,104.166667,46.82,95.833333,51.32,195.833333
20.822,1062.5,29.322,312.5,35.822,458.333333,41.822,95.833333,46.822,100,51.322,162.5
20.824,962.5,29.324,358.333333,35.824,462.5,41.824,137.5,46.824,100,51.324,175
20.826,1016.666667,29.326,283.333333,35.826,416.666667,41.826,141.666667,46.826,91.666667,51.326,137.5
20.828,875,29.328,225,35.828,479.166667,41.828,108.333333,46.828,70.833333,51.328,145.833333
20.83,975,29.33,262.5,35.83,479.166667,41.83,129.166667,46.83,91.666667,51.33,133.333333
20.832,970.833333,29.332,308.333333,35.832,433.333333,41.832,133.333333,46.832,75,51.332,141.666667
20.834,1129.166667,29.334,233.333333,35.834,483.333333,41.834,170.833333,46.834,108.333333,51.334,170.833333
20.836,1029.166667,29.336,266.666667,35.836,508.333333,41.836,133.333333,46.836,62.5,51.336,187.5
20.838,1016.666667,29.338,312.5,35.838,437.5,41.838,141.666667,46.838,66.666667,51.338,137.5
20.84,987.5,29.34,345.833333,35.84,479.166667,41.84,129.166667,46.84,70.833333,51.34,195.833333
20.842,1200,29.342,291.666667,35.842,504.166667,41.842,112.5,46.842,87.5,51.342,129.166667
20.844,991.666667,29.344,366.666667,35.844,587.5,41.844,137.5,46.844,91.666667,51.344,154.166667
20.846,1062.5,29.346,287.5,35.846,404.166667,41.846,112.5,46.846,62.5,51.346,162.5
20.848,1016.666667,29.348,300,35.848,408.333333,41.848,100,46.848,116.666667,51.348,120.833333
20.85,1070.833333,29.35,250,35.85,387.5,41.85,137.5,46.85,54.166667,51.35,141.666667
20.852,850,29.352,316.666667,35.852,408.333333,41.852,75,46.852,112.5,51.352,116.666667
20.854,933.333333,29.354,316.666667,35.854,412.5,41.854,104.166667,46.854,100,51.354,158.333333
20.856,937.5,29.356,341.666667,35.856,470.833333,41.856,95.833333,46.856,79.166667,51.356,137.5
20.858,1045.833333,29.358,325,35.858,458.333333,41.858,79.166667,46.858,70.833333,51.358,158.333333
20.86,1162.5,29.36,295.833333,35.86,412.5,41.86,158.333333,46.86,75,51.36,170.833333
20.862,904.166667,29.362,266.666667,35.862,458.333333,41.862,137.5,46.862,79.166667,51.362,104.166667
20.864,862.5,29.364,383.333333,35.864,483.333333,41.864,100,46.864,112.5,51.364,108.333333
20.866,908.333333,29.366,279.166667,35.866,483.333333,41.866,91.666667,46.866,104.166667,51.366,175
20.868,1145.833333,29.368,250,35.868,495.833333,41.868,116.666667,46.868,95.833333,51.368,154.166667
20.87,975,29.37,316.666667,35.87,416.666667,41.87,95.833333,46.87,100,51.37,141.666667
20.872,1000,29.372,316.666667,35.872,458.333333,41.872,108.333333,46.872,100,51.372,162.5
20.874,850,29.374,312.5,35.874,420.833333,41.874,75,46.874,112.5,51.374,129.166667
20.876,1220.833333,29.376,275,35.876,433.333333,41.876,129.166667,46.876,87.5,51.376,137.5
20.878,975,29.378,283.333333,35.878,495.833333,41.878,116.666667,46.878,91.666667,51.378,154.166667
20.88,1033.333333,29.38,275,35.88,466.666667,41.88,129.166667,46.88,75,51.38,129.166667
20.882,1091.666667,29.382,333.333333,35.882,479.166667,41.882,170.833333,46.882,54.166667,51.382,150
20.884,1175,29.384,287.5,35.884,312.5,41.884,150,46.884,95.833333,51.384,141.666667
20.886,995.833333,29.386,329.166667,35.886,412.5,41.886,125,46.886,104.166667,51.386,141.666667
20.888,916.666667,29.388,295.833333,35.888,445.833333,41.888,112.5,46.888,100,51.388,145.833333
20.89,1112.5,29.39,350,35.89,437.5,41.89,133.333333,46.89,83.333333,51.39,125
20.892,1037.5,29.392,270.833333,35.892,383.333333,41.892,170.833333,46.892,87.5,51.392,137.5
20.894,1008.333333,29.394,237.5,35.894,491.666667,41.894,145.833333,46.894,87.5,51.394,104.166667
20.896,979.166667,29.396,287.5,35.896,445.833333,41.896,166.666667,46.896,75,51.396,125
20.898,841.666667,29.398,308.333333,35.898,383.333333,41.898,137.5,46.898,125,51.398,116.666667
20.9,983.333333,29.4,266.666667,35.9,362.5,41.9,133.333333,46.9,87.5,51.4,129.166667
20.902,950,29.402,329.166667,35.902,487.5,41.902,133.333333,46.902,108.333333,51.402,141.666667
20.904,950,29.404,283.333333,35.904,358.333333,41.904,150,46.904,100,51.404,125
20.906,1104.166667,29.406,333.333333,35.906,504.166667,41.906,137.5,46.906,104.166667,51.406,108.333333
20.908,904.166667,29.408,279.166667,35.908,470.833333,41.908,104.166667,46.908,137.5,51.408,137.5
20.91,1112.5,29.41,237.5,35.91,379.166667,41.91,100,46.91,87.5,51.41,141.666667
20.912,829.166667,29.412,220.833333,35.912,479.166667,41.912,104.166667,46.912,83.333333,51.412,112.5
20.914,1033.333333,29.414,337.5,35.914,425,41.914,91.666667,46.914,91.666667,51.414,166.666667
20.916,1020.833333,29.416,225,35.916,362.5,41.916,116.666667,46.916,87.5,51.416,170.833333
20.918,1166.666667,29.418,333.333333,35.918,383.333333,41.918,112.5,46.918,108.333333,51.418,133.333333
20.92,770.833333,29.42,262.5,35.92,454.166667,41.92,129.166667,46.92,62.5,51.42,108.333333
20.922,1025,29.422,408.333333,35.922,337.5,41.922,108.333333,46.922,79.166667,51.422,108.333333
20.924,1045.833333,29.424,325,35.924,425,41.924,133.333333,46.924,116.666667,51.424,108.333333
20.926,1125,29.426,308.333333,35.926,370.833333,41.926,83.333333,46.926,91.666667,51.426,112.5
20.928,912.5,29.428,250,35.928,358.333333,41.928,112.5,46.928,87.5,51.428,133.333333
20.93,970.833333,29.43,312.5,35.93,400,41.93,112.5,46.93,62.5,51.43,104.166667
20.932,995.833333,29.432,258.333333,35.932,433.333333,41.932,170.833333,46.932,79.166667,51.432,166.666667
20.934,1100,29.434,304.166667,35.934,366.666667,41.934,116.666667,46.934,100,51.434,112.5
20.936,887.5,29.436,304.166667,35.936,387.5,41.936,158.333333,46.936,87.5,51.436,137.5
20.938,850,29.438,304.166667,35.938,425,41.938,79.166667,46.938,83.333333,51.438,125
20.94,858.333333,29.44,237.5,35.94,470.833333,41.94,158.333333,46.94,95.833333,51.44,133.333333
20.942,1054.166667,29.442,300,35.942,387.5,41.942,104.166667,46.942,129.166667,51.442,125
20.944,920.833333,29.444,312.5,35.944,470.833333,41.944,158.333333,46.944,87.5,51.444,108.333333
20.946,758.333333,29.446,287.5,35.946,420.833333,41.946,104.166667,46.946,83.333333,51.446,108.333333
20.948,945.833333,29.448,341.666667,35.948,408.333333,41.948,125,46.948,104.166667,51.448,145.833333
20.95,966.666667,29.45,329.166667,35.95,341.666667,41.95,112.5,46.95,79.166667,51.45,129.166667
20.952,1041.666667,29.452,300,35.952,354.166667,41.952,120.833333,46.952,91.666667,51.452,154.166667
20.954,1020.833333,29.454,258.333333,35.954,387.5,41.954,141.666667,46.954,91.666667,51.454,129.166667
20.956,933.333333,29.456,354.166667,35.956,420.833333,41.956,154.166667,46.956,54.166667,51.456,116.666667
20.958,1016.666667,29.458,287.5,35.958,450,41.958,125,46.958,104.166667,51.458,137.5
20.96,962.5,29.46,262.5,35.96,429.166667,41.96,141.666667,46.96,120.833333,51.46,129.166667
20.962,775,29.462,308.333333,35.962,454.166667,41.962,116.666667,46.962,91.666667,51.462,108.333333
20.964,966.666667,29.464,250,35.964,383.333333,41.964,79.166667,46.964,112.5,51.464,87.5
20.966,925,29.466,241.666667,35.966,425,41.966,100,46.966,95.833333,51.466,95.833333
20.968,1016.666667,29.468,304.166667,35.968,362.5,41.968,100,46.968,112.5,51.468,91.666667
20.97,883.333333,29.47,275,35.97,433.333333,41.97,133.333333,46.97,75,51.47,150
20.972,920.833333,29.472,300,35.972,375,41.972,95.833333,46.972,70.833333,51.472,112.5
20.974,854.166667,29.474,262.5,35.974,437.5,41.974,125,46.974,116.666667,51.474,191.666667
20.976,1112.5,29.476,233.333333,35.976,429.166667,41.976,75,46.976,120.833333,51.476,150
20.978,958.333333,29.478,254.166667,35.978,445.833333,41.978,100,46.978,104.166667,51.478,87.5
20.98,916.666667,29.48,291.666667,35.98,354.166667,41.98,141.666667,46.98,83.333333,51.48,141.666667
20.982,925,29.482,287.5,35.982,358.333333,41.982,125,46.982,108.333333,51.482,116.666667
20.984,916.666667,29.484,383.333333,35.984,333.333333,41.984,116.666667,46.984,100,51.484,129.166667
20.986,983.333333,29.486,295.833333,35.986,370.833333,41.986,166.666667,46.986,79.166667,51.486,154.166667
20.988,1054.166667,29.488,250,35.988,370.833333,41.988,145.833333,46.988,45.833333,51.488,108.333333
20.99,925,29.49,233.333333,35.99,491.666667,41.99,150,46.99,95.833333,51.49,125
20.992,1187.5,29.492,312.5,35.992,370.833333,41.992,104.166667,46.992,95.833333,51.492,104.166667
20.994,925,29.494,300,35.994,454.166667,41.994,166.666667,46.994,100,51.494,125
20.996,875,29.496,212.5,35.996,525,41.996,150,46.996,70.833333,51.496,104.166667
20.998,866.666667,29.498,337.5,35.998,358.333333,41.998,108.333333,46.998,116.666667,51.498,133.333333
21,1158.333333,29.5,337.5,36,458.333333,42,154.166667,47,112.5,51.5,125
